duration,deg_urb,sex,age,unit,time\geo 	EU28 	BE 	BG 	CZ 	DK 	DE 	EE 	IE 	EL 	ES 	FR 	HR 	IT 	CY 	LV 	LT 	LU 	HU 	MT 	NL 	AT 	PL 	PT 	RO 	SI 	SK 	FI 	SE 	UK 	IS 	NO 	TR 
NEV,DEG1,F,TOTAL,PC,2014	70.8 	88.0 u	91.2 	61.1 	71.4 	43.6 	89.2 	82.8 	79.2 	86.5 	65.1 	70.4 	69.2 	94.4 	48.1 	73.7 	61.3 	60.3 	87.7 	86.5 	41.0 	80.5 	64.5 	95.7 	63.6 	72.0 	82.4 	72.0 	75.6 	90.1 	92.5 	0 
NEV,DEG1,F,Y15-24,PC,2014	89.9 	97.7 u	95.7 	93.0 	85.7 	82.6 	92.6 	92.0 	85.3 	93.4 	87.0 	76.2 	95.8 	99.3 	69.3 	96.7 	90.0 u	79.1 	98.9 	94.8 	81.7 	89.2 	92.8 	98.1 	90.4 	92.6 	93.4 	87.5 	92.2 	96.2 u	97.7 	0 
NEV,DEG1,F,Y15-44,PC,2014	85.6 	96.1 u	94.4 	86.5 	85.5 	72.7 	91.4 	88.1 	81.9 	92.0 	84.2 	85.1 	88.5 	97.6 	58.9 	93.9 	65.2 	70.9 	96.1 	90.8 	60.8 	84.3 	84.8 	97.6 	89.7 	85.1 	89.8 	82.9 	90.8 	93.4 	95.6 	0 
NEV,DEG1,F,Y15-64,PC,2014	76.7 	90.5 u	91.2 	70.3 	77.3 	53.8 	89.7 	85.5 	80.8 	87.6 	72.5 	75.8 	76.0 	95.5 	52.6 	81.9 	60.6 	64.2 	91.1 	89.2 	48.8 	81.6 	70.4 	95.8 	67.6 	78.0 	84.8 	76.7 	83.8 	91.7 	94.5 	0 
NEV,DEG1,F,Y25-34,PC,2014	85.2 	95.8 u	97.2 	87.5 	89.4 	73.3 	89.2 	84.4 	79.6 	90.9 	84.4 	89.3 u	89.2 	97.2 	54.8 	94.2 	67.2 	66.1 	97.4 	91.0 	55.3 	83.0 	84.3 	98.1 	90.2 	85.3 	88.8 	82.8 	91.0 	92.3 	97.2 	0 
NEV,DEG1,F,Y35-44,PC,2014	82.9 	95.5 u	91.9 	83.2 	79.6 	63.6 	93.2 	89.4 	81.8 	92.0 	81.8 	90.0 	83.9 	96.8 	57.3 	91.2 	52.5 	70.2 	91.9 	86.8 	48.9 	83.2 	79.8 	96.8 	88.7 	79.0 	87.2 	78.8 	89.5 	92.7 	91.5 	0 
NEV,DEG1,F,Y45-54,PC,2014	71.3 	87.6 u	90.9 	64.5 	64.5 	37.1 	88.2 	82.7 	79.9 	85.3 	65.0 	72.4 	71.1 	92.5 	51.6 	74.8 	47.4 	60.3 	89.0 	88.6 	37.4 	79.7 	64.0 	93.8 	51.0 	73.7 	82.4 	71.3 	86.1 	87.7 	93.7 	0 
NEV,DEG1,F,Y45-64,PC,2014	64.0 	82.1 u	86.7 	46.5 	61.0 	27.1 	86.9 	79.9 	79.3 	81.2 	55.7 	62.9 	62.7 	91.6 	45.0 	65.0 	52.5 	54.0 	83.6 	86.8 	29.0 	77.6 	51.6 	93.2 	40.3 	65.3 	76.3 	69.5 	73.4 	89.3 	92.1 	0 
NEV,DEG1,F,Y50-74,PC,2014	55.2 	78.4 u	89.0 	34.7 	51.4 	15.6 	87.4 	72.4 	78.1 	79.2 	41.4 	53.6 	53.8 	90.5 	41.4 	53.4 	58.1 	52.3 	80.9 	82.5 	20.5 	77.5 	42.2 	93.1 	23.9 	57.5 	74.3 	67.4 	54.5 	88.1 	89.5 	0 
NEV,DEG1,F,Y55-64,PC,2014	55.9 	76.5 u	83.3 	29.5 	57.0 	15.1 	85.7 	76.1 	78.6 	76.0 	44.5 	54.9 	52.9 	90.3 	38.7 	55.1 	58.5 	49.1 	78.4 	84.9 	18.0 	76.3 	37.0 	92.7 	29.3 	58.0 	69.4 	67.4 	57.1 	91.0 	90.1 	0 
NEV,DEG1,F,Y65-74,PC,2014	47.2 	75.8 u	93.3 	31.2 	49.2 	10.8 	90.0 	59.4 u	77.3 	80.8 	30.9 	43.7 	47.5 	88.9 	37.3 	43.1 	64.0 u	50.9 	76.1 	76.2 	16.9 	78.7 	44.7 	93.8 	16.8 	52.7 	73.8 	60.1 	27.8 	84.6 	85.2 	0 
NEV,DEG1,F,Y_GE65,PC,2014	51.3 	79.2 u	91.2 	36.7 	48.9 	13.9 	87.6 	66.9 u	74.1 	82.8 	38.7 	56.3 	51.7 	88.6 	36.1 	49.5 	64.3 u	48.3 	77.0 	74.6 	16.9 	76.6 	47.1 	95.1 	50.2 	48.7 	73.3 	58.3 	45.7 	82.7 	81.0 	0 
NEV,DEG1,F,Y_GE75,PC,2014	55.8 	82.9 u	87.6 	43.8 	48.6 	16.9 	85.4 	76.2 u	71.3 	85.0 	46.5 	69.7 	56.1 	88.2 	34.9 	56.0 	: u	44.9 	78.2 	72.3 	16.9 	73.9 	49.4 	96.5 	77.8 	43.3 	72.6 	55.9 	66.5 	80.5 	77.6 	0 
NEV,DEG1,M,TOTAL,PC,2014	72.2 	84.9 u	91.7 	65.1 	72.5 	48.9 	85.9 	80.0 	82.2 	88.0 	65.0 	69.7 	70.4 	93.9 	58.3 	83.0 	57.3 	69.8 	82.8 	86.1 	46.0 	82.1 	66.8 	97.1 	65.5 	73.6 	79.3 	75.9 	74.4 	88.7 	93.1 	0 
NEV,DEG1,M,Y15-24,PC,2014	92.9 	99.9 u	96.0 	98.7 	90.9 	87.3 	90.7 	94.8 u	94.5 	96.5 	91.2 	84.2 u	96.4 	98.3 	74.4 	100 	: u	82.5 	93.7 	95.2 	80.4 	92.4 	94.2 	99.3 	90.5 	94.4 	95.9 	89.1 	95.2 	99.4 u	99.7 	0 
NEV,DEG1,M,Y15-44,PC,2014	86.9 	96.7 u	93.3 	91.9 	87.2 	75.1 	85.6 	88.2 	86.8 	93.6 	84.1 	82.8 	91.0 	96.7 	69.5 	95.8 	71.3 	78.4 	91.8 	91.7 	64.3 	86.6 	85.8 	99.2 	90.1 	85.3 	87.8 	84.0 	91.2 	94.5 	96.6 	0 
NEV,DEG1,M,Y15-64,PC,2014	77.7 	87.8 u	92.4 	76.5 	77.6 	57.7 	86.1 	83.8 	84.1 	89.4 	72.4 	75.6 	77.6 	94.3 	60.6 	88.8 	61.7 	71.9 	85.3 	88.5 	51.0 	83.5 	73.1 	97.6 	71.4 	79.0 	81.7 	80.3 	82.0 	91.2 	94.8 	0 
NEV,DEG1,M,Y25-34,PC,2014	86.9 	96.1 u	95.9 	93.2 	85.8 	75.9 	81.6 	86.4 	84.6 	94.8 	81.9 	84.2 u	92.4 	96.7 	65.1 	95.4 	74.6 	79.1 	93.0 	91.4 	61.9 	84.7 	85.0 	99.7 	86.5 	82.5 	87.4 	84.8 	94.0 	94.1 	96.5 	0 
NEV,DEG1,M,Y35-44,PC,2014	82.6 	95.5 u	89.6 	86.5 	85.5 	64.1 	86.8 	85.8 	83.5 	90.9 	80.7 	79.9 u	86.2 	95.3 	71.4 	91.7 	62.7 	75.2 	88.4 	88.8 	51.3 	84.8 	80.2 	98.6 	94.0 	82.1 	81.5 	79.4 	85.8 	91.6 	93.9 	0 
NEV,DEG1,M,Y45-54,PC,2014	69.9 	82.3 u	93.3 	52.3 	59.1 	39.9 	88.1 	76.4 	77.2 	87.2 	61.8 	70.4 	70.9 	91.7 	55.4 	85.5 	59.7 	64.9 	83.6 	84.1 	28.5 	81.2 	63.2 	96.4 	58.6 	75.7 	73.6 	76.7 	82.4 	87.1 	91.9 	0 
NEV,DEG1,M,Y45-64,PC,2014	63.7 	75.5 u	90.8 	48.2 	57.0 	32.1 	87.0 	73.7 	79.2 	82.8 	53.6 	65.7 	61.3 	90.1 	47.1 	75.2 	46.5 	60.5 	75.9 	83.2 	26.5 	78.2 	55.9 	95.1 	40.1 	67.1 	70.8 	75.3 	69.6 	85.5 	90.5 	0 
NEV,DEG1,M,Y50-74,PC,2014	55.5 	70.4 u	88.9 	39.1 	48.8 	23.3 	86.0 	65.3 	80.2 	79.7 	40.7 	54.7 	51.0 	90.0 	42.8 	62.2 	35.3 	58.0 	74.1 	80.6 	24.1 	77.2 	45.3 	94.2 	23.6 	57.3 	67.3 	69.9 	52.9 	81.6 	88.0 	0 
NEV,DEG1,M,Y55-64,PC,2014	56.4 	68.0 u	88.5 	44.5 	54.5 	21.5 	85.9 	70.1 	81.9 	77.0 	43.2 	59.1 	49.8 	88.3 	37.4 	64.5 	23.3 u	56.5 	69.1 	82.1 	23.3 	76.0 	47.0 	93.8 	20.9 	58.0 	67.5 	73.6 	53.4 	83.9 	88.7 	0 
NEV,DEG1,M,Y65-74,PC,2014	46.8 	68.6 u	84.8 	30.0 	45.6 	14.0 	81.7 	46.9 u	80.1 	80.0 	27.4 	42.8 	43.8 	92.0 	45.6 	44.1 	16.0 u	58.6 	75.7 	78.2 	22.8 	76.8 	38.2 	94.8 	22.8 	44.9 	67.8 	63.7 	29.9 	75.6 	85.9 	0 
NEV,DEG1,M,Y_GE65,PC,2014	49.1 	73.6 u	88.1 	25.6 	44.1 	12.8 	85.1 	52.0 u	74.3 	81.5 	34.0 	50.4 	47.5 	91.5 	46.7 	51.5 	34.4 	60.6 	71.5 	74.1 	22.3 	75.5 	42.2 	94.5 	37.1 	39.7 	68.2 	62.3 	45.6 	76.7 	83.8 	0 
NEV,DEG1,M,Y_GE75,PC,2014	52.4 	81.3 u	93.7 	19.1 	41.1 	11.5 	90.1 	61.2 u	67.8 	84.0 	42.3 	63.4 u	52.1 	90.8 	48.5 	61.0 	47.2 u	64.1 u	64.0 	66.8 	21.7 	73.4 	47.9 	94.0 	63.1 u	33.0 	69.0 	59.5 	69.0 	78.5 	80.7 	0 
NEV,DEG1,T,TOTAL,PC,2014	71.4 	86.5 u	91.4 	63.0 	71.9 	46.2 	87.7 	81.4 	80.6 	87.2 	65.0 	70.1 	69.7 	94.1 	52.3 	77.7 	59.3 	64.6 	85.2 	86.3 	43.3 	81.2 	65.6 	96.4 	64.5 	72.8 	81.0 	74.0 	75.0 	89.4 	92.8 	0 
NEV,DEG1,T,Y15-24,PC,2014	91.3 	98.8 u	95.9 	96.3 	88.1 	84.9 	91.7 	93.4 	90.1 	94.9 	89.0 	79.6 	96.2 	98.9 	71.7 	98.4 	84.1 u	80.8 	96.2 	95.0 	81.0 	90.8 	93.5 	98.7 	90.5 	93.5 	94.5 	88.3 	93.5 	97.9 u	98.7 	0 
NEV,DEG1,T,Y15-44,PC,2014	86.2 	96.4 u	93.9 	89.3 	86.4 	73.9 	88.4 	88.1 	84.3 	92.8 	84.2 	84.1 	89.7 	97.2 	63.9 	94.9 	68.3 	74.6 	93.9 	91.2 	62.6 	85.4 	85.3 	98.4 	89.9 	85.2 	88.9 	83.5 	91.0 	94.0 	96.1 	0 
NEV,DEG1,T,Y15-64,PC,2014	77.1 	89.2 u	91.8 	73.3 	77.4 	55.8 	87.9 	84.7 	82.4 	88.5 	72.5 	75.7 	76.8 	94.9 	56.2 	85.1 	61.2 	67.9 	88.1 	88.9 	49.9 	82.4 	71.7 	96.6 	69.4 	78.5 	83.4 	78.6 	83.0 	91.5 	94.7 	0 
NEV,DEG1,T,Y25-34,PC,2014	86.0 	96.0 u	96.5 	90.3 	87.5 	74.6 	85.2 	85.4 	82.2 	92.9 	83.2 	86.7 	90.8 	96.9 	59.6 	94.8 	71.2 	72.5 	95.1 	91.2 	58.6 	83.8 	84.6 	98.9 	88.2 	83.8 	88.2 	83.8 	92.4 	93.3 	96.8 	0 
NEV,DEG1,T,Y35-44,PC,2014	82.8 	95.5 u	90.8 	84.8 	82.7 	63.8 	89.8 	87.6 	82.6 	91.5 	81.3 	85.8 	85.0 	96.1 	64.1 	91.5 	57.2 	72.6 	90.1 	87.8 	50.1 	84.0 	80.0 	97.7 	91.3 	80.5 	84.4 	79.1 	87.8 	92.2 	92.7 	0 
NEV,DEG1,T,Y45-54,PC,2014	70.6 	84.9 u	92.1 	59.1 	61.8 	38.5 	88.1 	79.6 	78.6 	86.3 	63.5 	71.4 	71.0 	92.1 	53.3 	79.2 	54.5 	62.5 	86.2 	86.4 	32.9 	80.3 	63.6 	95.0 	54.3 	74.7 	78.5 	74.0 	84.3 	87.4 	92.8 	0 
NEV,DEG1,T,Y45-64,PC,2014	63.9 	78.7 u	88.6 	47.3 	59.1 	29.6 	87.0 	76.9 	79.3 	82.0 	54.7 	64.1 	62.1 	90.9 	45.9 	69.2 	49.2 	57.0 	79.6 	85.1 	27.8 	77.9 	53.6 	94.1 	40.2 	66.2 	73.8 	72.3 	71.6 	87.5 	91.3 	0 
NEV,DEG1,T,Y50-74,PC,2014	55.3 	74.5 u	89.0 	36.7 	50.2 	19.3 	86.8 	69.0 	79.1 	79.4 	41.1 	54.1 	52.5 	90.3 	41.9 	56.8 	46.9 	54.7 	77.5 	81.6 	22.1 	77.4 	43.7 	93.6 	23.8 	57.4 	71.3 	68.7 	53.7 	84.9 	88.7 	0 
NEV,DEG1,T,Y55-64,PC,2014	56.1 	72.3 u	85.7 	36.3 	55.8 	18.2 	85.8 	73.2 	80.1 	76.5 	43.9 	56.5 	51.5 	89.3 	38.2 	59.0 	41.5 	52.3 	73.5 	83.6 	20.4 	76.2 	41.7 	93.2 	25.7 	58.0 	68.6 	70.5 	55.3 	87.7 	89.4 	0 
NEV,DEG1,T,Y65-74,PC,2014	47.1 	72.2 u	90.1 	30.6 	47.6 	12.2 	86.8 	53.3 u	78.5 	80.4 	29.4 	43.3 	45.9 	90.4 	40.1 	43.4 	45.4 	54.0 	75.9 	77.1 	19.3 	77.9 	41.8 	94.2 	19.6 	49.7 	71.4 	62.0 	28.8 	79.9 	85.6 	0 
NEV,DEG1,T,Y_GE65,PC,2014	50.4 	76.6 u	90.1 	32.0 	47.0 	13.4 	86.8 	60.2 u	74.2 	82.3 	36.7 	54.0 	49.9 	89.9 	39.3 	50.1 	50.0 	52.9 	74.6 	74.4 	19.0 	76.2 	45.0 	94.8 	45.1 	45.2 	71.3 	60.2 	45.7 	79.7 	82.4 	0 
NEV,DEG1,T,Y_GE75,PC,2014	54.5 	82.3 u	90.0 	34.0 	46.0 	14.7 	86.7 	70.2 u	69.9 	84.7 	44.9 	67.6 	54.5 	89.4 	38.5 	57.5 	54.7 	51.3 	72.7 	70.1 	18.7 	73.7 	48.9 	95.6 	73.5 	39.3 	71.1 	57.4 	67.5 	79.6 	78.9 	0 
NEV,DEG2,F,TOTAL,PC,2014	67.2 	88.3 	93.6 	63.7 	70.5 	41.3 	82.2 	81.8 	80.6 	87.7 	64.7 	78.6 	70.2 	96.4 	58.0 	78.4 	64.9 	64.0 	86.2 	86.2 	40.9 	84.3 	70.6 	97.5 	61.3 	70.9 	80.0 	70.8 	72.8 	91.4 	89.3 	0 
NEV,DEG2,F,Y15-24,PC,2014	90.0 	99.1 u	100 	93.9 	93.8 	81.9 	83.3 	91.1 u	93.8 	95.9 	91.3 	93.6 	96.2 	97.3 	68.3 	88.8 u	78.4 	78.8 	96.9 	94.6 	77.4 	90.5 	91.6 	98.2 	93.0 	90.7 	96.9 	86.8 	88.9 	96.1 u	99.0 	0 
NEV,DEG2,F,Y15-44,PC,2014	85.6 	98.8 	97.7 	91.8 	88.7 	73.4 	83.9 	87.8 	84.0 	93.3 	85.1 	91.1 	90.6 	98.6 	66.4 	93.9 	69.8 	73.3 	93.3 	91.6 	60.8 	87.2 	85.4 	98.9 	88.3 	89.3 	90.9 	80.0 	91.4 	94.5 	97.6 	0 
NEV,DEG2,F,Y15-64,PC,2014	73.6 	92.3 	94.7 	73.8 	76.4 	51.7 	84.1 	84.7 	82.1 	88.6 	71.3 	84.1 	76.3 	96.7 	59.6 	84.7 	65.6 	66.2 	87.9 	89.0 	45.8 	84.6 	75.2 	98.1 	66.8 	77.7 	83.5 	77.0 	82.1 	91.6 	92.0 	0 
NEV,DEG2,F,Y25-34,PC,2014	86.0 	99.5 	100 	96.1 	91.7 u	75.7 	86.3 	85.9 	87.0 	92.0 	81.8 	89.9 	89.8 	98.5 	64.8 	100 u	70.1 	75.9 	93.3 	90.8 	62.7 	87.0 	85.9 	99.2 	86.9 	87.8 	93.0 	82.3 	93.0 	94.0 	96.7 	0 
NEV,DEG2,F,Y35-44,PC,2014	82.1 	98.0 	95.4 	87.4 	84.0 	64.5 	82.2 	86.3 	75.7 	92.9 	82.2 	90.7 	88.2 	100 	66.0 	94.5 u	61.5 	67.5 	89.9 	89.8 	46.5 	85.3 	81.1 	99.1 	86.6 	89.6 	82.3 	69.9 	91.0 	93.8 	97.1 	0 
NEV,DEG2,F,Y45-54,PC,2014	67.4 	88.1 	91.4 	62.3 	68.1 	39.6 	88.1 	81.1 	75.1 	85.2 	72.0 	86.6 	68.4 	95.6 	53.6 	89.0 u	65.9 	58.9 	88.6 	86.0 	30.0 	83.7 	68.7 	96.2 	54.7 	67.7 	79.3 	70.6 	85.0 	90.7 	87.6 	0 
NEV,DEG2,F,Y45-64,PC,2014	58.8 	85.3 	90.8 	46.5 	61.2 	28.4 	84.3 	77.7 	79.4 	81.5 	52.2 	76.4 	60.0 	92.9 	51.5 	74.9 	58.8 	56.6 	80.1 	86.0 	26.4 	81.1 	60.4 	97.0 	40.2 	58.9 	74.9 	72.8 	71.8 	87.0 	84.7 	0 
NEV,DEG2,F,Y50-74,PC,2014	49.5 	78.3 	90.1 	31.6 	49.0 	17.5 	81.5 	69.4 	79.7 	78.4 	39.1 	64.1 	49.6 	93.2 	49.5 	67.8 	58.8 	57.6 	76.6 	83.3 	23.1 	81.4 	53.8 	96.8 	27.6 	50.4 	68.9 	66.2 	52.1 	86.6 	82.1 	0 
NEV,DEG2,F,Y55-64,PC,2014	49.1 	81.4 	90.4 	29.6 	53.2 	15.2 	81.1 	73.5 	84.2 	76.4 	32.9 	65.4 	49.6 	89.6 	49.4 	62.4 	49.2 	54.6 	71.2 	85.9 	21.4 	78.7 	51.1 	97.7 	24.1 	51.4 	71.1 	75.4 	56.1 	82.9 	81.0 	0 
NEV,DEG2,F,Y65-74,PC,2014	42.2 	70.3 	90.3 	27.6 	44.5 	10.6 	79.7 	52.3 u	74.4 	80.9 	34.0 	49.9 	42.6 	95.1 	52.4 	63.0 u	62.0 	55.5 	78.4 	77.2 	22.7 	84.4 	52.9 	96.0 	30.1 	39.6 	63.0 	55.2 	26.9 	91.9 u	80.6 	0 
NEV,DEG2,F,Y_GE65,PC,2014	46.5 	75.3 u	90.4 	30.6 	51.3 	12.0 	77.3 	61.5 u	74.7 	83.8 	41.9 	60.5 	51.5 	94.0 	53.6 	62.9 	62.4 	56.9 	78.2 	77.5 	24.8 	83.3 	55.5 	95.4 	44.3 	41.4 	69.7 	53.4 	45.0 	90.3 	79.1 	0 
NEV,DEG2,F,Y_GE75,PC,2014	51.4 	80.3 u	90.5 	35.3 	60.6 	13.3 	75.1 	75.2 u	75.2 	87.2 	50.3 	72.5 	60.9 	92.0 u	55.0 	62.9 	63.1 u	58.8 	77.8 	77.9 	27.1 	81.9 	57.9 	94.7 	61.4 	43.8 	79.8 	51.4 	67.0 	88.1 u	77.3 	0 
NEV,DEG2,M,TOTAL,PC,2014	67.8 	85.0 	93.5 	64.3 	68.7 	43.9 	83.8 	79.7 	78.5 	89.1 	63.7 	82.4 	70.5 	95.0 	67.6 	89.5 	61.1 	72.6 	85.4 	85.0 	40.4 	87.0 	70.2 	98.1 	66.1 	71.9 	77.0 	75.9 	70.8 	88.6 	91.4 	0 
NEV,DEG2,M,Y15-24,PC,2014	92.7 	96.9 u	100 	100 	93.9 u	89.4 	88.7 	97.2 u	92.3 	96.4 	92.3 	98.7 	96.5 	100 	78.4 	100 u	72.9 u	86.0 	94.5 	95.4 	77.0 	91.6 	91.6 	99.5 	90.3 	91.8 	94.2 	88.4 	92.8 	94.4 u	97.4 	0 
NEV,DEG2,M,Y15-44,PC,2014	86.4 	96.5 	95.6 	89.9 	89.5 	75.9 	85.3 	89.6 	84.4 	95.1 	84.7 	94.5 	91.4 	98.0 	72.6 	96.7 	68.9 	79.4 	92.9 	91.9 	61.2 	90.2 	81.6 	99.4 	88.2 	86.0 	90.0 	83.1 	90.7 	90.5 	97.0 	0 
NEV,DEG2,M,Y15-64,PC,2014	74.2 	88.4 	95.1 	72.6 	74.0 	53.6 	85.5 	83.3 	80.3 	90.8 	72.0 	87.5 	77.3 	96.1 	69.6 	93.2 	62.4 	75.0 	86.6 	87.6 	45.8 	87.8 	74.4 	98.2 	70.5 	76.1 	81.3 	78.4 	80.0 	89.3 	93.2 	0 
NEV,DEG2,M,Y25-34,PC,2014	86.6 	98.5 	95.2 	89.5 	86.8 u	76.1 	84.4 	86.6 	80.5 	95.0 	85.3 	94.2 	93.7 	96.7 	67.8 	95.2 u	67.6 	82.6 	92.4 	91.5 	65.6 	90.6 	79.6 	99.4 	90.5 	85.5 	85.0 	78.6 	91.8 	89.2 	96.3 	0 
NEV,DEG2,M,Y35-44,PC,2014	81.4 	94.7 	93.5 	84.6 	87.0 	62.1 	82.9 	85.4 	82.2 	94.4 	76.8 	91.4 	86.9 	97.5 	73.9 	: u	67.2 	72.4 	91.9 	88.5 	46.5 	88.7 	76.7 	99.4 	85.1 	82.0 	92.5 	81.7 	88.4 	88.4 	97.4 	0 
NEV,DEG2,M,Y45-54,PC,2014	65.3 	89.9 	93.3 	56.3 	59.6 	35.6 	89.9 	79.1 	78.7 	87.3 	64.8 	85.0 	70.2 	95.5 	69.8 	91.6 u	57.7 	70.0 	84.9 	86.8 	35.2 	87.1 	65.4 	97.7 	64.7 	69.9 	79.8 	70.4 	80.2 	86.8 	91.9 	0 
NEV,DEG2,M,Y45-64,PC,2014	58.4 	79.5 	94.3 	46.0 	54.6 	28.5 	85.8 	70.8 	74.5 	84.3 	53.6 	78.0 	60.7 	92.9 	65.3 	88.9 	52.6 	68.6 	76.8 	82.3 	26.9 	84.3 	61.3 	96.3 	44.7 	59.0 	71.0 	71.8 	66.6 	87.5 	87.1 	0 
NEV,DEG2,M,Y50-74,PC,2014	49.5 	73.4 	91.5 	35.5 	46.9 	19.6 	79.7 	60.4 	73.0 	79.9 	39.9 	70.1 	49.9 	89.8 	60.0 	79.6 	50.7 	66.9 	76.2 	78.9 	21.4 	82.9 	53.1 	95.9 	29.2 	51.2 	65.3 	69.8 	48.1 	87.0 	84.0 	0 
NEV,DEG2,M,Y55-64,PC,2014	50.0 	67.3 	95.4 	34.8 	48.5 	18.7 	80.1 	58.2 	70.0 	79.9 	41.9 	71.4 	48.6 	89.6 	60.6 	84.4 u	46.4 	67.1 	68.4 	77.2 	15.6 	81.4 	56.4 	95.0 	21.9 	48.9 	63.6 	73.4 	50.9 	88.3 	82.2 	0 
NEV,DEG2,M,Y65-74,PC,2014	40.4 	70.9 u	89.0 	26.4 	48.4 	10.5 	69.4 	45.1 u	72.4 	76.9 	28.0 	55.9 	41.8 	83.9 	53.9 	62.7 u	48.7 	61.1 	79.4 	75.7 	18.5 	84.2 	48.0 	96.5 	34.2 	40.6 	60.7 	68.9 	26.1 	83.9 	82.5 	0 
NEV,DEG2,M,Y_GE65,PC,2014	42.1 	71.8 u	86.5 	28.2 	49.3 	10.5 	74.2 	52.0 u	71.2 	79.2 	30.3 	57.4 	46.6 	87.3 	57.1 	72.1 u	54.0 	59.7 	77.9 	75.7 	17.7 	82.3 	51.4 	97.1 	45.7 	43.3 	61.7 	67.2 	41.1 	85.8 	84.7 	0 
NEV,DEG2,M,Y_GE75,PC,2014	44.4 	73.2 u	80.9 u	31.7 	51.1 	10.4 	81.7 u	66.3 u	69.4 	82.9 	33.4 	59.7 	53.0 	94.4 u	62.0 	: u	62.3 u	57.6 	75.2 	75.6 	16.6 	79.3 	55.4 	98.1 	65.0 	49.4 	64.1 	64.7 	60.5 	88.8 u	88.3 	0 
NEV,DEG2,T,TOTAL,PC,2014	67.5 	86.8 	93.5 	64.0 	69.6 	42.5 	82.8 	80.8 	79.6 	88.4 	64.2 	80.4 	70.3 	95.7 	62.2 	83.2 	63.1 	68.0 	85.8 	85.6 	40.7 	85.5 	70.4 	97.8 	63.7 	71.4 	78.6 	73.4 	71.9 	90.0 	90.4 	0 
NEV,DEG2,T,Y15-24,PC,2014	91.4 	98.2 u	100 	96.8 	93.8 	85.9 	86.3 	93.9 	93.1 	96.2 	91.8 	96.5 	96.4 	98.6 	72.9 	94.0 u	76.0 	82.6 	95.6 	95.0 	77.2 	91.1 	91.6 	98.9 	91.6 	91.2 	95.7 	87.7 	91.1 	95.2 u	98.1 	0 
NEV,DEG2,T,Y15-44,PC,2014	86.0 	97.7 	96.7 	90.9 	89.1 	74.7 	84.6 	88.6 	84.2 	94.2 	84.9 	92.9 	91.0 	98.3 	69.4 	95.2 	69.4 	76.4 	93.1 	91.7 	61.0 	88.6 	83.5 	99.2 	88.2 	87.6 	90.4 	81.6 	91.1 	92.5 	97.3 	0 
NEV,DEG2,T,Y15-64,PC,2014	73.9 	90.5 	94.9 	73.2 	75.2 	52.6 	84.7 	84.0 	81.2 	89.7 	71.6 	85.8 	76.8 	96.4 	64.3 	88.7 	64.0 	70.6 	87.2 	88.3 	45.8 	86.1 	74.8 	98.1 	68.7 	76.9 	82.4 	77.7 	81.1 	90.5 	92.6 	0 
NEV,DEG2,T,Y25-34,PC,2014	86.3 	99.0 	97.7 	92.7 	88.8 	75.9 	85.3 	86.2 	83.6 	93.4 	83.5 	91.9 	91.6 	97.7 	66.5 	97.3 u	68.8 	79.2 	92.8 	91.2 	64.2 	88.7 	82.7 	99.3 	88.7 	86.7 	88.9 	80.5 	92.4 	91.7 	96.5 	0 
NEV,DEG2,T,Y35-44,PC,2014	81.8 	96.3 	94.5 	86.0 	85.3 	63.4 	82.5 	85.9 	78.7 	93.6 	79.5 	91.1 	87.6 	98.9 	69.4 	94.6 	64.3 	70.0 	90.9 	89.2 	46.5 	86.9 	78.8 	99.3 	85.7 	85.8 	87.7 	76.1 	89.8 	91.2 	97.3 	0 
NEV,DEG2,T,Y45-54,PC,2014	66.4 	88.9 	92.4 	59.3 	63.7 	37.6 	89.0 	80.1 	76.8 	86.3 	68.5 	85.9 	69.3 	95.6 	60.9 	90.3 	61.9 	64.5 	86.7 	86.4 	32.6 	85.3 	67.2 	96.9 	59.5 	68.8 	79.5 	70.5 	82.7 	88.7 	89.5 	0 
NEV,DEG2,T,Y45-64,PC,2014	58.6 	82.6 	92.5 	46.2 	57.9 	28.4 	84.9 	74.3 	77.0 	82.9 	52.9 	77.1 	60.4 	92.9 	57.7 	81.1 	55.7 	62.4 	78.4 	84.1 	26.7 	82.6 	60.8 	96.7 	42.4 	59.0 	73.0 	72.3 	69.4 	87.3 	85.8 	0 
NEV,DEG2,T,Y50-74,PC,2014	49.5 	75.9 	90.7 	33.5 	47.9 	18.5 	80.8 	65.1 	76.4 	79.1 	39.5 	66.9 	49.8 	91.6 	53.9 	72.7 	54.9 	61.8 	76.4 	81.1 	22.3 	82.1 	53.5 	96.4 	28.3 	50.8 	67.2 	68.1 	50.3 	86.8 	83.0 	0 
NEV,DEG2,T,Y55-64,PC,2014	49.5 	74.5 	92.5 	32.2 	50.9 	16.9 	80.7 	66.4 	77.2 	78.1 	37.1 	68.3 	49.1 	89.6 	54.4 	70.3 	47.7 	60.4 	69.8 	81.6 	18.4 	79.9 	53.4 	96.5 	23.0 	50.2 	67.3 	74.3 	53.7 	85.6 	81.6 	0 
NEV,DEG2,T,Y65-74,PC,2014	41.4 	70.6 	89.8 	27.0 	46.5 	10.6 	76.1 	48.9 u	73.4 	79.1 	31.2 	52.5 	42.3 	89.9 	52.9 	62.9 	56.6 	57.7 	78.9 	76.5 	20.8 	84.3 	50.7 	96.2 	31.9 	40.0 	61.9 	61.9 	26.5 	87.7 	81.6 	0 
NEV,DEG2,T,Y_GE65,PC,2014	44.6 	73.8 u	88.9 	29.6 	50.4 	11.3 	76.4 	57.3 u	73.0 	81.8 	36.8 	59.2 	49.3 	91.0 	54.7 	65.8 	59.0 	58.0 	78.1 	76.6 	21.7 	82.9 	53.8 	96.1 	44.9 	42.1 	66.2 	59.8 	43.2 	88.0 	82.0 	0 
NEV,DEG2,T,Y_GE75,PC,2014	48.5 	77.6 u	87.5 	33.8 	56.5 	12.1 	76.6 	71.7 u	72.5 	85.6 	43.3 	67.8 	57.5 	93.1 	57.0 	68.4 	62.7 	58.4 	76.7 	76.9 	22.8 	81.0 	57.0 	96.0 	62.7 	45.5 	73.9 	57.0 	64.1 	88.4 	82.4 	0 
NEV,DEG3,F,TOTAL,PC,2014	71.1 	87.8 u	93.2 	65.9 	70.0 	41.7 	83.9 	84.0 	80.0 	90.1 	65.6 	82.2 	70.9 	95.7 	59.3 	80.3 	66.6 	65.8 	85.7 	86.7 	40.7 	86.5 	71.4 	96.9 	65.1 	67.8 	78.6 	71.3 	71.7 	90.4 	91.5 	0 
NEV,DEG3,F,Y15-24,PC,2014	91.3 	98.9 u	95.5 	90.8 	91.2 	80.5 	91.9 	93.1 	93.0 u	97.7 	93.1 	98.5 	96.0 	100 	82.5 	97.0 	78.2 	82.7 	100 u	93.9 	77.6 	92.6 	85.4 	99.1 	89.8 	88.2 	91.2 	83.2 	95.3 	96.6 u	99.3 	0 
NEV,DEG3,F,Y15-44,PC,2014	86.3 	96.6 	96.3 	90.9 	88.3 	72.2 	90.3 	91.1 	84.2 	93.5 	86.8 	92.8 	89.2 	98.2 	71.2 	95.1 	72.9 	75.3 	94.0 	91.0 	60.7 	88.7 	83.3 	98.1 	89.4 	85.7 	89.9 	79.1 	91.2 	93.7 	97.4 	0 
NEV,DEG3,F,Y15-64,PC,2014	75.9 	89.7 	94.1 	73.7 	75.4 	50.8 	86.2 	88.3 	81.9 	90.7 	72.1 	85.5 	77.2 	96.7 	61.1 	84.4 	69.0 	67.0 	88.0 	90.3 	45.9 	87.3 	75.4 	97.4 	68.7 	72.2 	83.2 	74.9 	81.4 	91.7 	94.0 	0 
NEV,DEG3,F,Y25-34,PC,2014	86.6 	93.8 	96.8 	87.4 	89.7 	77.3 	86.4 	91.4 	77.3 	93.1 	85.7 	88.5 	91.5 	98.8 	63.2 	97.9 	72.7 	69.8 	90.0 u	94.5 	62.3 	87.0 	89.7 	96.9 	90.8 	90.0 	91.0 	80.0 	92.9 	95.1 	97.8 	0 
NEV,DEG3,F,Y35-44,PC,2014	82.5 	97.0 	96.5 	93.4 	84.7 	61.0 	92.1 	89.6 	83.7 	91.2 	82.8 	91.8 	83.5 	96.2 	69.4 	90.7 	69.2 	73.1 	90.0 u	85.2 	45.3 	87.4 	76.6 	98.2 	88.0 	79.7 	88.1 	74.9 	87.1 	90.3 u	95.0 	0 
NEV,DEG3,F,Y45-54,PC,2014	70.1 	87.9 u	93.7 	62.2 	58.7 	41.1 	80.0 	86.2 	81.8 	90.7 	68.4 	82.1 	70.9 	96.5 	54.8 	80.6 	67.1 	58.5 	85.7 u	91.2 	35.6 	84.8 	75.7 	97.5 	60.0 	67.1 	78.7 	69.2 	81.0 	87.7 	92.1 	0 
NEV,DEG3,F,Y45-64,PC,2014	62.6 	81.3 	91.8 	50.0 	60.6 	29.1 	80.8 	83.9 	79.4 	86.9 	52.3 	76.1 	63.1 	94.2 	48.6 	71.8 	63.7 	56.1 	79.4 	89.6 	29.2 	85.3 	65.5 	96.2 	41.6 	54.9 	76.4 	66.7 	70.3 	89.1 	89.7 	0 
NEV,DEG3,F,Y50-74,PC,2014	54.4 	73.8 u	91.2 	37.5 	54.0 	18.0 	79.8 	74.3 	77.7 	83.9 	37.8 	72.3 	51.0 	92.2 	49.2 	64.5 	59.5 	58.2 	73.5 	83.3 	22.5 	84.0 	59.6 	95.4 	29.8 	48.4 	71.4 	62.6 	49.6 	86.9 	85.8 	0 
NEV,DEG3,F,Y55-64,PC,2014	54.2 	73.1 	90.3 	37.8 	62.8 	14.7 	81.7 	80.8 	76.7 	82.2 	34.2 	70.4 	52.6 	91.9 	42.0 	61.0 	59.1 	54.1 	72.7 u	87.7 	21.6 	85.7 	55.3 	95.2 	23.4 	41.6 	73.9 	63.9 	57.2 	90.9 	87.2 	0 
NEV,DEG3,F,Y65-74,PC,2014	50.0 	69.0 u	90.8 	33.8 	51.7 	12.8 	78.3 	56.1 u	75.1 	82.7 	33.4 	67.8 	42.8 	91.2 	50.7 	63.3 	55.5 	61.2 	72.4 u	74.0 	17.6 	81.3 	59.9 	94.5 	34.1 	54.2 	63.7 	55.9 	26.8 	83.7 u	83.0 	0 
NEV,DEG3,F,Y_GE65,PC,2014	56.1 	80.2 u	91.4 	38.9 	54.3 	13.6 	78.0 	63.5 u	76.0 	88.1 	43.6 	72.5 	53.7 	91.4 	54.4 	68.4 	56.7 	62.1 	79.1 u	75.8 	20.1 	83.1 	62.3 	95.6 	52.9 	50.6 	64.4 	58.1 	45.5 	85.3 	83.7 	0 
NEV,DEG3,F,Y_GE75,PC,2014	62.4 	93.4 u	92.1 	47.1 	57.8 	14.5 	77.7 	73.3 u	76.7 	93.6 	53.0 	76.6 	64.4 	91.8 u	58.2 	73.3 	59.0 u	63.0 	: u	77.9 	23.0 	84.9 	64.3 	96.7 	71.5 	46.4 	65.5 	60.8 	67.2 	87.3 u	84.5 	0 
NEV,DEG3,M,TOTAL,PC,2014	71.9 	87.3 u	94.6 	69.6 	69.4 	44.1 	86.1 	78.7 	80.1 	90.7 	64.1 	82.6 	70.8 	96.1 	71.6 	85.8 	62.6 	72.6 	82.8 	87.3 	43.7 	90.0 	71.9 	97.1 	65.4 	70.7 	81.3 	74.1 	70.5 	89.4 	91.4 	0 
NEV,DEG3,M,Y15-24,PC,2014	94.0 	99.0 	99.1 	99.1 	92.5 	89.3 	90.0 	89.9 	100 u	98.3 	91.9 	97.5 	97.1 	97.8 	90.9 	98.1 	79.1 	88.0 	: u	98.5 	84.2 	96.6 	91.1 	99.4 	90.2 	86.1 	94.6 	88.5 	100 u	96.7 u	99.8 	0 
NEV,DEG3,M,Y15-44,PC,2014	88.3 	97.1 	97.6 	92.8 	88.1 	75.6 	90.7 	86.9 	89.3 	95.8 	85.5 	92.9 	90.4 	96.9 	79.1 	95.6 	73.7 	82.2 	93.0 	92.7 	68.3 	93.1 	89.3 	98.8 	88.5 	85.2 	92.4 	83.7 	93.6 	96.0 	97.0 	0 
NEV,DEG3,M,Y15-64,PC,2014	77.2 	89.2 u	96.5 	77.3 	74.6 	52.2 	87.4 	82.3 	84.2 	92.1 	71.7 	86.5 	77.5 	96.5 	74.8 	89.3 	65.2 	75.2 	83.5 	89.8 	49.1 	91.4 	77.8 	97.6 	69.7 	73.8 	83.7 	78.6 	80.7 	92.2 	93.3 	0 
NEV,DEG3,M,Y25-34,PC,2014	88.9 	97.6 u	100 	91.7 	91.9 	79.4 	92.4 	86.9 	85.3 	95.6 	85.5 	92.6 	91.8 	98.1 	81.5 	92.9 	70.1 	81.3 	96.2 u	94.7 	69.4 	90.5 	86.6 	99.0 	90.5 	83.2 	100 u	82.7 	96.2 	100 u	96.8 	0 
NEV,DEG3,M,Y35-44,PC,2014	83.5 	95.3 	94.1 	88.8 	81.5 	60.3 	89.8 	84.8 	87.0 	94.5 	80.2 	89.5 	85.4 	94.4 	66.8 	95.2 	71.6 	78.1 	82.1 u	85.5 	52.4 	92.4 	89.9 	98.1 	85.5 	86.4 	86.7 	80.9 	88.0 	92.1 u	94.2 	0 
NEV,DEG3,M,Y45-54,PC,2014	68.9 	83.2 u	96.3 	70.1 	61.4 	35.8 	84.2 	78.5 	80.1 	89.9 	67.5 	83.0 	69.3 	95.1 	68.2 	83.2 	57.0 	64.6 	65.4 u	90.6 	31.9 	89.3 	70.2 	97.4 	56.6 	61.6 	85.0 	69.2 	77.5 	84.7 	90.2 	0 
NEV,DEG3,M,Y45-64,PC,2014	63.1 	80.1 u	95.3 	55.5 	59.3 	29.0 	82.7 	75.6 	78.7 	87.0 	53.4 	78.7 	61.9 	95.8 	68.4 	81.1 	53.3 	64.1 	71.3 	87.1 	27.2 	88.8 	64.2 	95.7 	45.7 	55.7 	75.9 	68.8 	66.7 	87.7 	88.5 	0 
NEV,DEG3,M,Y50-74,PC,2014	55.3 	77.0 u	92.6 	40.9 	53.6 	20.7 	79.5 	66.5 	74.2 	85.7 	40.3 	72.8 	50.5 	95.3 	63.4 	75.3 	49.3 	62.4 	75.5 	83.4 	21.4 	87.1 	57.3 	95.3 	35.3 	53.9 	72.5 	63.8 	47.0 	86.6 	86.7 	0 
NEV,DEG3,M,Y55-64,PC,2014	56.4 	76.5 u	94.6 	43.2 	56.9 	20.0 	81.1 	71.8 	77.2 	83.1 	37.8 	74.8 	52.9 	96.5 	68.6 	78.2 	48.0 	63.7 	76.7 u	83.3 	21.5 	88.4 	58.3 	93.9 	34.4 	49.0 	68.1 	68.3 	53.3 	90.7 	86.2 	0 
NEV,DEG3,M,Y65-74,PC,2014	47.8 	73.3 u	88.1 	26.9 	54.5 	11.8 	77.6 	50.3 	73.2 	85.5 	29.2 	58.1 	42.7 	93.7 	53.2 	64.9 	46.0 	56.3 	78.3 u	78.7 	15.2 	83.1 	51.5 	95.8 	34.7 	49.7 	70.6 	55.2 	24.3 	85.9 u	86.0 	0 
NEV,DEG3,M,Y_GE65,PC,2014	51.1 	77.7 u	89.6 	30.2 	53.0 	14.1 	80.4 	59.4 u	70.5 	85.2 	35.2 	64.3 	50.3 	94.3 	53.6 	67.5 	48.5 	58.9 	79.5 u	77.6 	20.1 	80.9 	53.7 	95.1 	42.9 	50.1 	74.0 	55.2 	38.5 	79.5 	84.7 	0 
NEV,DEG3,M,Y_GE75,PC,2014	55.4 	83.0 u	91.7 	36.3 	50.7 	16.7 	84.8 	74.9 u	68.0 	84.8 	42.2 	72.6 	59.9 	95.7 u	54.1 	71.0 	53.6 	64.2 	: u	75.4 u	28.3 	76.6 	56.0 	94.2 	54.9 	50.8 u	80.1 	55.1 	61.8 	74.1 u	82.3 	0 
NEV,DEG3,T,TOTAL,PC,2014	71.5 	87.6 u	93.8 	67.7 	69.7 	42.9 	84.9 	81.4 	80.0 	90.4 	64.9 	82.4 	70.8 	95.9 	65.0 	82.9 	64.6 	69.1 	84.2 	87.0 	42.2 	88.1 	71.6 	97.0 	65.2 	69.2 	80.0 	72.7 	71.1 	89.9 	91.5 	0 
NEV,DEG3,T,Y15-24,PC,2014	92.7 	99.0 	97.3 	95.4 	91.9 	85.1 	90.9 	91.4 	95.9 	98.0 	92.5 	98.0 	96.5 	98.8 	87.0 	97.6 	78.7 	85.4 	100 u	96.2 	81.0 	94.7 	88.4 	99.3 	90.0 	87.0 	93.0 	85.8 	97.3 	96.6 u	99.6 	0 
NEV,DEG3,T,Y15-44,PC,2014	87.3 	96.8 	97.0 	91.9 	88.2 	73.9 	90.5 	89.0 	86.6 	94.7 	86.2 	92.8 	89.8 	97.6 	75.4 	95.3 	73.3 	78.9 	93.5 	91.8 	64.5 	90.8 	86.2 	98.5 	89.0 	85.4 	91.1 	81.4 	92.3 	94.8 	97.2 	0 
NEV,DEG3,T,Y15-64,PC,2014	76.5 	89.5 	95.3 	75.6 	75.0 	51.5 	86.8 	85.3 	83.0 	91.4 	71.9 	86.0 	77.4 	96.6 	68.1 	86.9 	67.0 	71.1 	85.6 	90.1 	47.5 	89.3 	76.6 	97.5 	69.2 	73.0 	83.4 	76.8 	81.0 	91.9 	93.6 	0 
NEV,DEG3,T,Y25-34,PC,2014	87.7 	95.7 	98.5 	89.7 	90.7 	78.3 	89.4 	89.3 	80.8 	94.5 	85.6 	90.6 	91.6 	98.4 	72.8 	95.4 	71.5 	76.1 	93.3 	94.6 	65.8 	88.7 	88.2 	98.0 	90.6 	86.5 	94.6 	81.4 	94.6 	97.0 	97.3 	0 
NEV,DEG3,T,Y35-44,PC,2014	83.0 	96.2 	95.4 	91.3 	83.1 	60.6 	91.0 	87.2 	85.4 	92.9 	81.5 	90.7 	84.4 	95.4 	68.1 	93.0 	70.4 	75.7 	85.6 u	85.3 	48.8 	89.7 	83.0 	98.2 	86.8 	83.2 	87.4 	77.6 	87.5 	91.2 	94.6 	0 
NEV,DEG3,T,Y45-54,PC,2014	69.5 	85.6 u	95.0 	66.0 	60.0 	38.3 	82.0 	82.3 	81.0 	90.3 	67.9 	82.6 	70.2 	95.8 	61.5 	81.9 	61.9 	61.5 	75.0 	90.9 	33.8 	87.1 	72.9 	97.4 	58.2 	64.4 	81.7 	69.2 	79.3 	86.3 	91.1 	0 
NEV,DEG3,T,Y45-64,PC,2014	62.8 	80.7 u	93.5 	52.8 	59.9 	29.1 	81.7 	79.6 	79.1 	86.9 	52.8 	77.4 	62.5 	95.0 	58.0 	76.3 	58.5 	59.9 	75.0 	88.3 	28.2 	87.0 	64.9 	96.0 	43.8 	55.3 	76.1 	67.8 	68.5 	88.4 	89.1 	0 
NEV,DEG3,T,Y50-74,PC,2014	54.8 	75.4 u	91.9 	39.1 	53.8 	19.4 	79.7 	70.2 	76.1 	84.8 	39.1 	72.5 	50.8 	93.7 	55.3 	69.5 	54.4 	60.2 	74.5 	83.4 	21.9 	85.5 	58.5 	95.3 	32.7 	51.0 	72.0 	63.2 	48.3 	86.7 	86.3 	0 
NEV,DEG3,T,Y55-64,PC,2014	55.3 	74.8 u	92.4 	40.6 	59.8 	17.3 	81.4 	76.1 	77.0 	82.7 	36.1 	72.7 	52.8 	94.1 	54.0 	69.3 	53.6 	58.5 	75.0 	85.4 	21.6 	87.0 	56.8 	94.6 	29.2 	45.1 	70.8 	66.1 	55.3 	90.8 	86.7 	0 
NEV,DEG3,T,Y65-74,PC,2014	49.0 	70.9 u	89.7 	30.9 	53.1 	12.4 	78.0 	53.2 u	74.2 	84.0 	31.3 	63.5 	42.7 	92.5 	51.7 	63.9 	51.2 	59.0 	75.1 	76.4 	16.4 	82.1 	56.2 	95.1 	34.4 	52.2 	67.3 	55.6 	25.6 	84.7 	84.5 	0 
NEV,DEG3,T,Y_GE65,PC,2014	53.9 	79.1 u	90.6 	35.3 	53.7 	13.9 	78.9 	61.5 u	73.6 	86.7 	39.7 	69.3 	52.2 	92.8 	54.1 	68.1 	53.0 	60.9 	79.3 	76.6 	20.1 	82.2 	58.6 	95.4 	48.7 	50.4 	69.2 	56.7 	42.4 	82.3 	84.1 	0 
NEV,DEG3,T,Y_GE75,PC,2014	59.5 	88.8 u	92.0 	42.9 	54.5 	15.5 	79.9 	74.0 u	73.1 	89.5 	48.3 	75.3 	62.5 	93.4 	57.1 	72.6 	56.6 	63.3 	85.3 u	77.0 	25.2 	82.5 	60.9 	95.8 	65.5 	47.7 	72.2 	58.3 	65.0 	79.8 	83.6 	0 
NEV,TOTAL,F,TOTAL,PC,2014	69.7 	88.0 u	92.4 	63.8 	70.6 	42.2 	85.7 	83.1 	79.8 	87.7 	65.1 	77.8 	70.1 	95.2 	54.1 	77.2 	65.2 	63.5 	86.9 	86.4 	40.9 	83.8 	68.1 	96.6 	63.7 	70.3 	80.5 	71.3 	74.2 	90.4 	91.0 	69.5 
NEV,TOTAL,F,Y15-24,PC,2014	90.4 	98.6 u	96.6 	92.4 	89.3 	81.8 	90.6 	92.1 	90.0 	95.1 	90.7 	90.0 	96.0 	98.9 	74.3 	96.1 	79.6 	80.4 	98.0 	94.6 	79.0 	91.1 	90.6 	98.6 	90.8 	90.5 	94.1 	85.8 	92.4 	96.2 u	98.7 	74.3 
NEV,TOTAL,F,Y15-44,PC,2014	85.8 	97.1 u	95.7 	90.0 	87.2 	72.9 	89.5 	89.2 	83.1 	92.7 	85.4 	90.1 	89.6 	98.0 	64.8 	94.4 	70.5 	73.2 	94.7 	91.1 	60.8 	86.8 	84.6 	98.1 	89.1 	87.1 	90.1 	80.3 	91.0 	93.7 	96.8 	71.8 
NEV,TOTAL,F,Y15-64,PC,2014	75.5 	90.9 u	92.9 	72.8 	76.3 	52.2 	87.2 	86.5 	81.5 	88.6 	72.0 	82.5 	76.4 	96.1 	57.1 	83.4 	66.4 	65.9 	89.4 	89.3 	46.9 	84.6 	73.1 	96.9 	68.0 	76.1 	83.9 	76.2 	83.0 	91.7 	93.5 	70.0 
NEV,TOTAL,F,Y25-34,PC,2014	85.8 	96.5 u	97.7 	90.2 	89.7 	75.0 	87.8 	87.3 	81.1 	91.8 	83.9 	89.2 	90.1 	97.8 	59.2 	96.1 	71.1 	70.7 	95.1 	91.3 	59.3 	85.4 	86.2 	97.9 	89.4 	87.7 	90.7 	81.4 	91.7 	93.1 	97.2 	71.1 
NEV,TOTAL,F,Y35-44,PC,2014	82.6 	96.7 u	93.9 	88.6 	82.9 	63.3 	90.2 	88.8 	80.3 	92.0 	82.3 	91.0 	85.7 	97.5 	63.5 	91.3 	63.1 	70.1 	90.8 	87.8 	46.8 	85.4 	79.4 	97.9 	87.7 	83.8 	85.6 	74.4 	89.6 	92.6 	94.8 	70.1 
NEV,TOTAL,F,Y45-54,PC,2014	69.7 	87.9 u	91.9 	62.8 	62.5 	39.2 	85.3 	84.0 	79.1 	86.6 	68.4 	81.4 	69.8 	94.1 	53.2 	79.0 	64.1 	59.2 	88.7 	87.9 	34.6 	82.9 	68.2 	95.7 	56.7 	68.9 	80.2 	70.4 	85.0 	88.2 	90.8 	67.1 
NEV,TOTAL,F,Y45-64,PC,2014	61.9 	83.0 u	89.3 	47.9 	60.9 	28.2 	84.2 	81.3 	79.4 	82.7 	53.3 	72.8 	61.6 	92.5 	47.6 	69.3 	60.4 	55.7 	81.8 	86.9 	28.4 	81.5 	57.8 	95.2 	40.9 	59.1 	75.9 	69.9 	72.4 	88.9 	88.5 	65.9 
NEV,TOTAL,F,Y50-74,PC,2014	53.0 	77.1 u	90.0 	34.9 	52.2 	17.0 	83.3 	72.7 	78.5 	80.2 	39.3 	64.6 	51.3 	91.6 	45.8 	60.1 	59.0 	56.2 	78.6 	83.0 	22.0 	80.9 	50.4 	94.9 	28.1 	51.5 	71.5 	65.5 	52.9 	87.6 	85.2 	65.5 
NEV,TOTAL,F,Y55-64,PC,2014	53.2 	77.1 u	87.2 	33.0 	59.0 	15.0 	83.2 	77.7 	79.7 	77.7 	36.8 	64.6 	51.4 	90.5 	41.9 	58.6 	55.5 	52.8 	74.8 	85.8 	20.4 	80.4 	46.0 	94.8 	24.7 	49.9 	71.4 	69.3 	56.8 	89.6 	85.7 	64.3 
NEV,TOTAL,F,Y65-74,PC,2014	46.4 	72.1 u	91.7 	31.0 	49.5 	11.2 	83.1 	56.4 u	75.8 	81.3 	32.8 	54.9 	44.3 	90.9 	45.1 	54.4 	59.1 	55.7 	76.7 	76.3 	18.7 	81.0 	51.4 	94.6 	30.0 	47.8 	67.0 	56.9 	27.2 	86.0 	82.5 	66.3 
NEV,TOTAL,F,Y_GE65,PC,2014	51.2 	78.1 u	91.1 	35.6 	52.0 	13.0 	81.5 	64.2 u	75.0 	84.5 	41.6 	64.3 	52.2 	90.4 	46.1 	59.8 	60.0 	55.9 	77.5 	76.1 	20.1 	80.7 	54.0 	95.4 	49.7 	46.4 	69.4 	56.3 	45.5 	84.7 	81.5 	65.2 
NEV,TOTAL,F,Y_GE75,PC,2014	56.5 	84.5 u	90.2 	42.3 	55.3 	14.9 	80.0 	74.6 u	74.3 	87.9 	50.3 	73.6 	60.3 	89.7 	47.2 	64.9 	61.6 	56.1 	78.6 	75.8 	21.8 	80.3 	56.5 	96.3 	69.8 	44.6 	73.1 	55.6 	66.9 	83.0 	80.4 	63.7 
NEV,TOTAL,M,TOTAL,PC,2014	70.7 	85.6 u	93.0 	66.7 	70.3 	45.6 	85.5 	79.3 	80.5 	89.0 	64.2 	79.5 	70.5 	94.7 	65.4 	84.9 	61.2 	71.8 	84.0 	85.8 	43.6 	86.6 	69.2 	97.3 	65.6 	71.9 	79.1 	75.3 	72.7 	88.8 	91.9 	70.8 
NEV,TOTAL,M,Y15-24,PC,2014	93.2 	98.8 u	97.8 	99.3 	92.2 	88.6 	90.0 	93.5 	94.8 	96.9 	91.8 	94.7 	96.6 	98.7 	82.9 	99.0 	77.1 	85.9 	94.4 	95.7 	81.2 	94.3 	92.6 	99.4 	90.3 	90.5 	95.0 	88.6 	95.2 	97.9 u	99.0 	78.0 
NEV,TOTAL,M,Y15-44,PC,2014	87.2 	96.7 u	95.0 	91.6 	88.0 	75.5 	87.1 	88.0 	86.7 	94.5 	84.9 	91.1 	91.0 	97.1 	74.0 	95.8 	71.6 	80.1 	92.4 	91.9 	65.0 	90.2 	85.2 	99.1 	88.7 	85.6 	89.7 	83.6 	91.3 	94.0 	96.9 	72.6 
NEV,TOTAL,M,Y15-64,PC,2014	76.4 	88.4 u	94.2 	75.6 	75.6 	54.7 	86.4 	83.1 	83.0 	90.5 	72.0 	84.4 	77.4 	95.3 	68.1 	89.4 	63.7 	74.2 	85.8 	88.3 	48.9 	87.9 	74.7 	97.7 	70.2 	76.1 	82.1 	79.0 	81.2 	91.0 	93.7 	71.6 
NEV,TOTAL,M,Y25-34,PC,2014	87.4 	97.2 u	96.9 	91.5 	87.7 	76.7 	85.0 	86.6 	83.5 	95.1 	84.3 	91.1 	92.8 	97.0 	71.4 	94.4 	70.3 	81.0 	92.9 	91.8 	65.1 	88.4 	83.5 	99.4 	89.8 	83.9 	88.6 	81.8 	93.7 	93.8 	96.5 	71.3 
NEV,TOTAL,M,Y35-44,PC,2014	82.5 	95.2 u	91.6 	86.7 	84.0 	62.4 	87.0 	85.3 	84.1 	92.7 	79.4 	88.0 	86.3 	95.6 	69.9 	93.7 	68.4 	75.1 	89.9 	88.3 	50.4 	88.8 	81.2 	98.6 	86.6 	83.4 	86.7 	80.6 	86.8 	91.2 	95.3 	68.6 
NEV,TOTAL,M,Y45-54,PC,2014	68.1 	85.1 u	94.3 	61.1 	60.3 	37.0 	87.2 	78.0 	78.5 	88.0 	65.0 	80.5 	70.2 	93.5 	63.4 	84.8 	57.7 	66.8 	83.1 	86.3 	31.8 	86.4 	65.7 	97.1 	59.2 	68.4 	79.2 	72.0 	80.9 	86.6 	91.1 	69.6 
NEV,TOTAL,M,Y45-64,PC,2014	61.8 	78.2 u	93.1 	50.7 	57.6 	29.8 	85.2 	74.0 	77.6 	84.4 	53.5 	75.6 	61.2 	92.3 	59.2 	79.7 	52.0 	64.8 	76.1 	83.5 	26.9 	84.3 	59.8 	95.6 	44.7 	59.9 	72.5 	72.0 	68.4 	86.3 	88.5 	69.3 
NEV,TOTAL,M,Y50-74,PC,2014	53.5 	73.3 u	90.9 	38.7 	50.8 	21.1 	82.2 	65.0 	76.1 	81.5 	40.3 	67.6 	50.4 	91.4 	54.4 	70.9 	47.8 	62.8 	75.1 	80.3 	22.2 	82.8 	50.9 	95.0 	31.9 	53.7 	68.4 	68.0 	50.5 	83.5 	86.0 	66.2 
NEV,TOTAL,M,Y55-64,PC,2014	54.3 	70.4 u	92.1 	41.0 	54.5 	19.9 	82.9 	68.7 	76.6 	79.5 	40.5 	70.8 	50.0 	90.8 	54.4 	73.5 	44.0 	62.9 	69.3 	80.2 	20.3 	82.5 	53.0 	94.1 	29.1 	51.2 	66.4 	71.9 	53.1 	86.0 	85.2 	68.9 
NEV,TOTAL,M,Y65-74,PC,2014	44.9 	70.5 u	87.1 	27.7 	50.8 	11.9 	77.4 	48.3 u	75.5 	80.9 	28.4 	52.6 	42.6 	90.8 	50.2 	56.5 	43.5 	58.7 	77.3 	77.2 	18.5 	80.9 	44.6 	95.6 	32.6 	44.6 	66.0 	63.1 	27.4 	78.9 	84.6 	61.6 
NEV,TOTAL,M,Y_GE65,PC,2014	47.4 	74.1 u	88.4 	28.1 	50.0 	12.1 	80.9 	55.8 u	72.0 	82.2 	33.4 	58.2 	47.9 	91.5 	51.4 	61.6 	48.0 	59.7 	74.6 	75.4 	20.2 	79.2 	48.3 	95.3 	42.8 	44.4 	67.9 	61.9 	42.8 	79.1 	84.5 	62.2 
NEV,TOTAL,M,Y_GE75,PC,2014	50.7 	79.2 u	90.6 	28.8 	48.6 	12.4 	86.2 	69.4 u	68.2 	84.1 	39.6 	66.3 	54.7 	92.5 	53.3 	68.2 	55.0 	61.7 	69.5 	72.3 	22.7 	76.0 	52.8 	94.9 	59.1 	44.0 	71.5 	60.1 	65.1 	79.4 	84.2 	63.5 
NEV,TOTAL,T,TOTAL,PC,2014	70.2 	86.9 u	92.7 	65.2 	70.5 	43.9 	85.6 	81.3 	80.1 	88.4 	64.7 	78.6 	70.3 	95.0 	59.0 	80.7 	63.2 	67.4 	85.4 	86.1 	42.2 	85.1 	68.6 	96.9 	64.6 	71.1 	79.8 	73.3 	73.5 	89.6 	91.5 	70.1 
NEV,TOTAL,T,Y15-24,PC,2014	91.8 	98.7 u	97.2 	96.1 	90.8 	85.3 	90.3 	92.8 	92.4 	96.0 	91.3 	92.4 	96.3 	98.8 	78.6 	97.6 	78.3 	83.2 	96.2 	95.2 	80.1 	92.7 	91.6 	99.0 	90.5 	90.5 	94.5 	87.2 	93.7 	97.1 u	98.9 	76.1 
NEV,TOTAL,T,Y15-44,PC,2014	86.5 	96.9 u	95.4 	90.8 	87.6 	74.2 	88.3 	88.6 	84.8 	93.6 	85.2 	90.6 	90.3 	97.6 	69.3 	95.1 	71.1 	76.7 	93.5 	91.5 	62.9 	88.4 	84.9 	98.6 	88.9 	86.3 	89.9 	82.0 	91.2 	93.8 	96.9 	72.2 
NEV,TOTAL,T,Y15-64,PC,2014	75.9 	89.7 u	93.5 	74.2 	75.9 	53.5 	86.8 	84.8 	82.2 	89.6 	72.0 	83.4 	76.9 	95.7 	62.3 	86.3 	65.0 	70.0 	87.6 	88.8 	47.9 	86.2 	73.9 	97.3 	69.1 	76.1 	83.0 	77.6 	82.2 	91.4 	93.6 	70.8 
NEV,TOTAL,T,Y25-34,PC,2014	86.6 	96.8 u	97.3 	90.9 	88.7 	75.9 	86.4 	87.0 	82.3 	93.4 	84.1 	90.2 	91.4 	97.4 	65.4 	95.2 	70.7 	75.9 	93.9 	91.6 	62.2 	86.8 	84.9 	98.7 	89.6 	85.8 	89.8 	81.6 	92.6 	93.5 	96.8 	71.2 
NEV,TOTAL,T,Y35-44,PC,2014	82.5 	95.9 u	92.8 	87.7 	83.5 	62.9 	88.6 	87.1 	82.1 	92.4 	80.9 	89.6 	86.0 	96.6 	66.6 	92.5 	65.8 	72.7 	90.4 	88.0 	48.6 	87.1 	80.3 	98.2 	87.2 	83.6 	86.2 	77.6 	88.3 	91.9 	95.0 	69.3 
NEV,TOTAL,T,Y45-54,PC,2014	68.9 	86.5 u	93.1 	62.0 	61.4 	38.1 	86.2 	81.0 	78.8 	87.3 	66.8 	80.9 	70.0 	93.8 	57.9 	81.7 	60.8 	62.9 	85.9 	87.1 	33.2 	84.6 	67.0 	96.4 	58.0 	68.6 	79.7 	71.2 	83.1 	87.5 	91.0 	68.4 
NEV,TOTAL,T,Y45-64,PC,2014	61.8 	80.6 u	91.1 	49.3 	59.2 	29.0 	84.6 	77.7 	78.5 	83.5 	53.4 	74.2 	61.4 	92.4 	52.8 	74.1 	56.1 	60.0 	78.9 	85.2 	27.7 	82.8 	58.7 	95.4 	42.8 	59.5 	74.2 	70.9 	70.5 	87.6 	88.5 	67.6 
NEV,TOTAL,T,Y50-74,PC,2014	53.2 	75.2 u	90.4 	36.7 	51.5 	19.0 	82.8 	68.9 	77.3 	80.8 	39.8 	66.0 	50.9 	91.5 	49.3 	64.7 	53.5 	59.2 	76.8 	81.7 	22.1 	81.7 	50.6 	94.9 	30.0 	52.5 	70.0 	66.8 	51.7 	85.6 	85.6 	65.8 
NEV,TOTAL,T,Y55-64,PC,2014	53.7 	73.8 u	89.5 	36.9 	56.8 	17.4 	83.0 	73.2 	78.2 	78.6 	38.5 	67.6 	50.7 	90.6 	47.2 	65.2 	49.7 	57.4 	72.0 	83.0 	20.4 	81.3 	49.3 	94.5 	26.9 	50.5 	68.9 	70.6 	55.1 	87.8 	85.5 	66.6 
NEV,TOTAL,T,Y65-74,PC,2014	45.7 	71.3 u	89.9 	29.6 	50.1 	11.5 	80.9 	52.4 u	75.6 	81.1 	30.7 	53.9 	43.5 	90.9 	46.9 	55.2 	52.4 	56.9 	77.0 	76.7 	18.6 	81.0 	48.4 	95.0 	31.2 	46.5 	66.5 	60.1 	27.3 	82.3 	83.7 	64.1 
NEV,TOTAL,T,Y_GE65,PC,2014	49.5 	76.3 u	90.0 	32.4 	51.0 	12.6 	81.3 	60.3 u	73.7 	83.5 	37.9 	61.9 	50.3 	90.9 	47.8 	60.4 	54.7 	57.3 	76.2 	75.8 	20.2 	80.1 	51.7 	95.4 	46.9 	45.6 	68.7 	59.0 	44.3 	81.9 	83.0 	63.9 
NEV,TOTAL,T,Y_GE75,PC,2014	54.2 	82.4 u	90.3 	37.0 	52.5 	13.8 	81.8 	72.4 u	71.8 	86.4 	45.8 	71.1 	57.9 	90.9 	48.9 	65.9 	58.6 	57.9 	75.1 	74.3 	22.1 	78.9 	55.1 	95.8 	66.1 	44.4 	72.4 	57.5 	66.1 	81.3 	82.1 	63.6 
Y1-2,DEG1,F,TOTAL,PC,2014	6.6 	3.1 u	2.6 	12.2 	4.6 	11.3 	0.9 	3.5 	3.4 	2.3 	13.6 	5.9 	7.7 	1.6 	8.0 	5.8 	6.8 	5.1 	2.2 	2.1 	12.1 	2.5 	8.8 	1.6 	9.4 	6.3 	2.6 	6.9 d	5.1 	1.3 	1.7 	0 
Y1-2,DEG1,F,Y15-24,PC,2014	1.9 	0.9 u	1.4 	0 	1.4 	2.3 	0 	4.3 	4.5 	1.1 	4.2 	4.3 	0.8 	0 	5.2 	0 	0 u	4.0 	0 	0.7 	4.8 	2.6 	1.4 	0.6 	1.1 	0.9 	1.5 	4.6 d	0.7 	0 u	1.4 	0 
Y1-2,DEG1,F,Y15-44,PC,2014	2.7 	0.6 u	2.2 	2.7 	2.1 	4.2 	0.6 	2.6 	3.5 	1.2 	4.6 	2.0 	2.7 	1.0 	6.1 	0.2 	6.1 	5.3 	0.9 	1.2 	8.5 	2.7 	3.3 	1.1 	1.7 	4.3 	1.7 	4.9 d	1.5 	0.8 	1.2 	0 
Y1-2,DEG1,F,Y15-64,PC,2014	5.3 	2.3 u	2.7 	10.2 	3.8 	9.1 	1.2 	3.1 	3.2 	2.1 	10.5 	4.7 	6.7 	1.4 	7.1 	4.2 	7.2 	4.6 	1.5 	1.7 	11.0 	2.7 	7.7 	1.7 	8.3 	5.0 	2.4 	6.0 d	3.2 	1.4 	1.3 	0 
Y1-2,DEG1,F,Y25-34,PC,2014	2.6 	0.5 u	2.0 	3.3 	2.8 	4.6 	1.0 	2.0 	2.8 	1.0 	3.4 	0 u	2.6 	1.3 	5.4 	0 	4.7 	4.0 	0.9 	0.8 	12.3 	2.3 	4.1 	1.1 	1.8 	3.9 	1.7 	1.4 d	1.1 	1.0 	0.4 	0 
Y1-2,DEG1,F,Y35-44,PC,2014	3.5 	0.6 u	2.6 	3.2 	2.2 	5.3 	0.6 	2.2 	3.6 	1.4 	6.2 	1.3 	3.7 	1.4 	7.4 	0.5 	10.0 	7.1 	1.7 	2.0 	7.0 	3.3 	4.0 	1.5 	2.1 	7.3 	2.1 	7.8 d	2.5 	1.2 	2.1 	0 
Y1-2,DEG1,F,Y45-54,PC,2014	6.4 	1.9 u	1.6 	11.6 	6.6 	12.3 	2.5 	3.7 	2.0 	2.5 	12.9 	0 	7.9 	2.2 	5.7 	6.3 	12.3 	3.3 	0.7 	2.1 	10.9 	2.3 	9.3 	2.1 	10.3 	7.6 	3.5 	6.9 d	2.7 	2.0 	0 	0 
Y1-2,DEG1,F,Y45-64,PC,2014	9.0 	4.8 u	3.5 	21.4 	7.2 	16.1 	2.0 	4.0 	2.7 	3.5 	18.9 	8.4 	10.9 	2.2 	8.4 	9.8 	9.3 	3.6 	2.5 	2.7 	15.1 	2.6 	13.4 	2.5 	16.5 	6.2 	3.7 	7.4 d	5.8 	2.1 	1.6 	0 
Y1-2,DEG1,F,Y50-74,PC,2014	11.6 	6.8 u	3.4 	25.1 	7.9 	18.8 	1.7 	5.4 	3.4 	4.0 	26.7 	11.9 	13.4 	1.9 	9.9 	13.3 	8.8 	4.1 	3.7 	3.5 	17.7 	2.4 	16.0 	2.6 	22.7 	8.4 	3.4 	7.7 d	10.5 	2.0 	3.1 	0 
Y1-2,DEG1,F,Y55-64,PC,2014	11.9 	7.7 u	5.0 	30.6 	7.8 	20.6 	1.6 	4.5 	3.5 	4.9 	26.1 	15.5 	14.5 	2.1 	11.0 	13.3 	5.7 	3.8 	4.2 	3.3 	20.5 	2.9 	18.3 	2.9 	22.9 	5.0 	3.8 	7.9 d	9.8 	2.2 	3.6 	0 
Y1-2,DEG1,F,Y65-74,PC,2014	13.3 	7.8 u	2.7 	21.6 	6.1 	19.4 	0.6 	6.8 u	4.2 	3.9 	32.1 	14.1 	14.0 	2.1 	10.5 	16.4 	8.0 u	5.3 	5.3 	4.0 	18.5 	1.3 	13.7 	2.2 	24.3 	10.0 	3.6 	8.6 d	16.9 	1.4 	5.0 	0 
Y1-2,DEG1,F,Y_GE65,PC,2014	11.0 	5.7 u	2.2 	17.4 	7.4 	17.8 	0.3 	6.3 u	4.0 	2.9 	24.6 	9.2 	10.5 	2.3 	10.4 	10.4 	4.8 u	6.4 	4.5 	3.6 	15.4 	1.9 	12.2 	1.4 	13.2 	11.3 	3.3 	9.4 d	11.7 	1.1 	3.9 	0 
Y1-2,DEG1,F,Y_GE75,PC,2014	8.4 	3.6 u	1.4 	12.0 	9.2 	16.3 	0 	5.8 u	3.9 	1.9 	16.9 	4.1 	6.8 	2.6 	10.2 	4.4 	: u	7.9 	3.4 	3.0 	11.5 	2.6 	10.8 	0.5 	3.9 	13.0 	2.7 	10.4 d	5.8 	0.9 	3.0 	0 
Y1-2,DEG1,M,TOTAL,PC,2014	6.6 	5.6 u	2.7 	8.1 	5.5 	10.6 	1.3 	3.1 	3.8 	2.5 	13.2 	5.5 	7.5 	1.6 	5.4 	3.6 	10.0 	5.0 	3.1 	2.8 	10.7 	3.0 	8.0 	0.8 	7.3 	5.9 	2.8 	5.6 d	5.9 	1.8 	0.9 	0 
Y1-2,DEG1,M,Y15-24,PC,2014	1.5 	0 u	0.5 	0 	5.7 	2.4 	0 	0 u	1.0 	0.1 	3.9 	0 u	1.0 	0 	4.6 	0 	: u	3.8 	1.1 	0.7 	2.9 	2.3 	0.8 	0 	2.4 	0 	2.8 	2.7 d	0 	0.6 u	0 	0 
Y1-2,DEG1,M,Y15-44,PC,2014	2.5 	0.6 u	2.1 	2.8 	3.7 	3.0 	1.8 	2.2 	3.4 	1.0 	5.6 	0.8 	1.7 	1.1 	2.1 	0.5 	6.8 	4.6 	2.0 	1.6 	7.3 	2.0 	3.2 	0.2 	1.4 	4.4 	2.1 	4.1 d	1.7 	0.9 	0.5 	0 
Y1-2,DEG1,M,Y15-64,PC,2014	5.1 	4.9 u	2.6 	6.2 	4.3 	8.3 	1.4 	2.6 	3.9 	2.2 	10.3 	3.2 	5.7 	1.6 	4.7 	2.4 	9.7 	4.7 	2.9 	2.5 	9.8 	2.5 	6.5 	0.8 	5.0 	5.6 	3.3 	5.0 d	3.9 	1.5 	0.9 	0 
Y1-2,DEG1,M,Y25-34,PC,2014	2.5 	0.2 u	1.6 	1.9 	2.8 	2.3 	3.3 	3.6 	3.5 	0.7 	5.7 	0 u	1.2 	1.4 	1.9 	0 	8.5 	8.3 	2.0 	0.8 	10.3 	2.8 	2.0 	0 	1.0 	4.6 	0.8 	6.3 d	2.0 	1.1 	0.4 	0 
Y1-2,DEG1,M,Y35-44,PC,2014	3.2 	1.3 u	3.4 	5.4 	3.1 	4.4 	1.4 	2.0 	5.1 	1.7 	6.8 	2.6 u	2.7 	1.5 	0.9 	1.8 	5.9 	2.0 	2.9 	3.2 	7.8 	0.9 	5.9 	0.4 	1.0 	7.3 	3.0 	3.8 d	2.4 	0.9 	1.1 	0 
Y1-2,DEG1,M,Y45-54,PC,2014	7.1 	7.1 u	1.9 	7.7 	4.7 	13.7 	0 	2.3 	5.9 	2.5 	13.3 	1.8 	6.9 	2.2 	7.5 	3.6 	12.9 	3.2 	6.0 	5.1 	12.7 	3.0 	8.1 	0.7 	7.2 	7.9 	6.7 	7.7 d	3.5 	2.1 	1.1 	0 
Y1-2,DEG1,M,Y45-64,PC,2014	9.1 	10.8 u	3.4 	12.3 	5.7 	16.0 	0.7 	3.8 	4.9 	4.2 	17.9 	6.5 	10.6 	2.5 	8.5 	5.9 	14.1 	4.9 	4.4 	4.1 	14.2 	3.2 	11.0 	1.7 	10.9 	7.8 	5.3 	6.1 d	6.8 	2.6 	1.7 	0 
Y1-2,DEG1,M,Y50-74,PC,2014	11.6 	12.1 u	4.3 	13.6 	8.3 	18.3 	0.9 	5.4 	2.8 	4.9 	25.5 	10.2 	13.8 	2.8 	9.5 	7.9 	14.5 	6.7 	4.4 	4.0 	13.8 	4.3 	12.1 	1.9 	18.3 	7.9 	3.4 	7.5 d	11.6 	3.3 	2.3 	0 
Y1-2,DEG1,M,Y55-64,PC,2014	11.5 	14.8 u	4.8 	16.5 	6.8 	19.1 	1.4 	5.8 	3.5 	6.3 	23.7 	12.8 	14.9 	2.9 	9.7 	8.3 	16.3 u	6.5 	2.9 	2.7 	16.8 	3.4 	14.5 	2.5 	14.8 	7.6 	3.7 	4.3 d	10.9 	3.0 	2.5 	0 
Y1-2,DEG1,M,Y65-74,PC,2014	14.4 	10.9 u	5.7 	15.3 	12.7 	20.6 	0.9 	7.5 u	1.2 	3.8 	34.3 	12.9 	15.6 	1.4 	8.4 	10.8 	24.0 u	7.6 	4.9 	4.1 	11.3 	6.6 	12.7 	1.2 	27.2 	4.0 	0.8 	7.9 d	19.2 	3.8 	2.3 	0 
Y1-2,DEG1,M,Y_GE65,PC,2014	12.6 	8.7 u	3.6 	14.9 	12.3 	20.2 	0.5 	6.6 u	3.3 	3.9 	25.3 	13.2 	13.0 	1.9 	9.2 	10.4 	11.5 	6.5 	3.9 	4.4 	15.1 	5.5 	13.7 	1.4 	18.4 	7.6 	0.5 	7.8 d	13.8 	3.2 	1.3 	0 
Y1-2,DEG1,M,Y_GE75,PC,2014	10.1 	5.4 u	0 	14.3 	11.5 	19.7 	0 	4.9 u	5.6 	3.9 	13.7 	13.7 u	9.8 	2.5 	10.4 	9.9 	2.8 u	4.5 u	2.2 	4.8 	20.4 	3.7 	15.0 	1.7 	2.3 u	12.4 	0 	7.6 d	5.6 	2.2 	0 	0 
Y1-2,DEG1,T,TOTAL,PC,2014	6.6 	4.3 u	2.7 	10.3 	5.0 	11.0 	1.1 	3.3 	3.6 	2.4 	13.4 	5.8 	7.6 	1.6 	6.9 	4.8 	8.4 	5.0 	2.7 	2.4 	11.4 	2.7 	8.4 	1.3 	8.4 	6.1 	2.7 	6.3 d	5.5 	1.6 	1.3 	0 
Y1-2,DEG1,T,Y15-24,PC,2014	1.7 	0.5 u	0.9 	0 	3.4 	2.4 	0 	2.1 	2.7 	0.6 	4.0 	2.5 	0.9 	0 	4.9 	0 	2.8 u	3.9 	0.6 	0.7 	3.8 	2.5 	1.1 	0.3 	1.7 	0.5 	2.0 	3.6 d	0.4 	0.3 u	0.7 	0 
Y1-2,DEG1,T,Y15-44,PC,2014	2.6 	0.6 u	2.1 	2.8 	2.9 	3.6 	1.2 	2.4 	3.5 	1.1 	5.1 	1.5 	2.2 	1.0 	4.2 	0.4 	6.5 	5.0 	1.4 	1.4 	7.9 	2.4 	3.2 	0.7 	1.5 	4.4 	1.9 	4.5 d	1.6 	0.9 	0.9 	0 
Y1-2,DEG1,T,Y15-64,PC,2014	5.2 	3.6 u	2.7 	8.3 	4.1 	8.7 	1.3 	2.9 	3.6 	2.2 	10.4 	4.0 	6.2 	1.5 	6.0 	3.3 	8.5 	4.7 	2.2 	2.1 	10.4 	2.6 	7.1 	1.2 	6.7 	5.3 	2.8 	5.5 d	3.5 	1.4 	1.1 	0 
Y1-2,DEG1,T,Y25-34,PC,2014	2.5 	0.4 u	1.8 	2.6 	2.8 	3.4 	2.2 	2.8 	3.1 	0.8 	4.5 	0 	1.9 	1.4 	3.8 	0 	6.8 	6.1 	1.5 	0.8 	11.3 	2.5 	3.0 	0.5 	1.4 	4.3 	1.3 	3.9 d	1.5 	1.1 	0.4 	0 
Y1-2,DEG1,T,Y35-44,PC,2014	3.4 	0.9 u	3.0 	4.3 	2.7 	4.8 	1.0 	2.1 	4.3 	1.5 	6.5 	1.8 	3.2 	1.5 	4.3 	1.1 	8.1 	4.7 	2.3 	2.6 	7.4 	2.1 	4.9 	1.0 	1.6 	7.3 	2.5 	5.6 d	2.5 	1.0 	1.6 	0 
Y1-2,DEG1,T,Y45-54,PC,2014	6.7 	4.6 u	1.8 	9.8 	5.7 	13.1 	1.3 	3.0 	3.9 	2.5 	13.1 	0.9 	7.4 	2.2 	6.5 	5.2 	12.6 	3.2 	3.3 	3.6 	11.8 	2.6 	8.7 	1.4 	9.0 	7.8 	4.9 	7.3 d	3.1 	2.1 	0.5 	0 
Y1-2,DEG1,T,Y45-64,PC,2014	9.0 	7.8 u	3.5 	17.3 	6.4 	16.0 	1.4 	3.9 	3.7 	3.8 	18.4 	7.5 	10.8 	2.3 	8.4 	8.2 	11.9 	4.2 	3.5 	3.3 	14.7 	2.9 	12.3 	2.1 	14.1 	7.0 	4.4 	6.7 d	6.3 	2.3 	1.6 	0 
Y1-2,DEG1,T,Y50-74,PC,2014	11.6 	9.3 u	3.8 	19.8 	8.1 	18.6 	1.3 	5.4 	3.1 	4.4 	26.2 	11.2 	13.6 	2.3 	9.7 	11.2 	11.6 	5.2 	4.1 	3.7 	16.0 	3.2 	14.2 	2.3 	20.8 	8.2 	3.4 	7.6 d	11.0 	2.6 	2.7 	0 
Y1-2,DEG1,T,Y55-64,PC,2014	11.7 	11.2 u	4.9 	24.2 	7.3 	19.9 	1.5 	5.1 	3.5 	5.5 	25.0 	14.5 	14.7 	2.5 	10.5 	11.2 	10.8 	5.0 	3.5 	3.0 	18.8 	3.1 	16.5 	2.7 	19.4 	6.3 	3.8 	6.1 d	10.3 	2.6 	3.0 	0 
Y1-2,DEG1,T,Y65-74,PC,2014	13.8 	9.3 u	3.8 	18.9 	9.0 	19.9 	0.7 	7.1 u	2.9 	3.9 	33.1 	13.6 	14.7 	1.8 	9.8 	14.4 	14.2 	6.2 	5.1 	4.0 	15.6 	3.5 	13.3 	1.8 	25.7 	7.7 	2.5 	8.2 d	18.0 	2.6 	3.5 	0 
Y1-2,DEG1,T,Y_GE65,PC,2014	11.7 	7.1 u	2.7 	16.4 	9.4 	18.8 	0.4 	6.4 u	3.7 	3.3 	24.9 	10.8 	11.6 	2.1 	10.0 	10.4 	8.0 	6.4 	4.2 	3.9 	15.3 	3.3 	12.8 	1.4 	15.2 	9.9 	2.1 	8.6 d	12.6 	2.1 	2.6 	0 
Y1-2,DEG1,T,Y_GE75,PC,2014	9.1 	4.3 u	0.9 	12.9 	10.0 	17.7 	0 	5.4 u	4.5 	2.7 	15.7 	7.3 	8.0 	2.6 	10.3 	6.0 	1.6 	6.7 	3.0 	3.8 	14.9 	3.0 	12.3 	0.9 	3.5 	12.7 	1.6 	9.2 d	5.7 	1.5 	1.7 	0 
Y1-2,DEG2,F,TOTAL,PC,2014	8.0 	3.4 	1.5 	11.9 	5.4 	11.8 	2.3 	3.9 	4.1 	2.4 	14.9 	5.7 	7.5 	0.7 	4.5 	4.3 	5.8 	4.6 	2.1 	3.2 	13.4 	1.6 	6.5 	0.6 	9.4 	7.4 	3.8 	7.9 d	6.6 	1.3 	2.0 	0 
Y1-2,DEG2,F,Y15-24,PC,2014	1.9 	0 u	0 	1.8 	0 	2.2 	4.8 	1.8 u	0.4 	0.9 	3.1 	1.7 	0.5 	0 	4.7 	0 u	3.6 	3.4 	1.4 	2.8 	6.1 	0.6 	0.9 	0 	0 	3.4 	1.0 	3.9 d	2.5 	0 u	0.3 	0 
Y1-2,DEG2,F,Y15-44,PC,2014	3.2 	0.1 	1.3 	3.8 	2.3 	4.4 	2.3 	2.9 	5.7 	1.3 	5.9 	1.9 	2.1 	0.3 	2.8 	2.1 	6.4 	4.3 	1.5 	2.8 	9.3 	1.2 	2.8 	0.4 	1.4 	2.9 	1.2 	5.5 d	1.9 	0.6 	0.9 	0 
Y1-2,DEG2,F,Y15-64,PC,2014	6.5 	2.3 	1.9 	9.0 	4.5 	10.1 	2.1 	3.4 	4.8 	2.2 	12.0 	4.1 	5.9 	0.8 	4.1 	2.9 	6.4 	4.5 	2.0 	2.8 	12.7 	1.5 	6.0 	0.6 	8.2 	6.2 	3.1 	6.9 d	4.1 	1.3 	1.9 	0 
Y1-2,DEG2,F,Y25-34,PC,2014	3.5 	0 	0 	1.6 	2.8 u	4.9 	1.1 	4.5 	5.5 	1.9 	6.2 	2.8 	2.5 	0.8 	0 	0 u	6.0 	4.2 	2.3 	1.9 	11.8 	1.9 	4.2 	0.1 	1.9 	2.6 	0.8 	4.6 d	2.4 	1.5 	1.2 	0 
Y1-2,DEG2,F,Y35-44,PC,2014	3.9 	0.2 	2.6 	6.6 	3.8 	5.8 	1.8 	2.7 	9.3 	1.1 	8.4 	0.9 	2.6 	0 	3.4 	5.5 u	9.3 	5.0 	0.6 	3.5 	9.7 	0.8 	2.9 	0.9 	1.7 	2.8 	1.9 	8.4 d	1.3 	0 	1.1 	0 
Y1-2,DEG2,F,Y45-54,PC,2014	7.6 	3.8 	3.5 	11.0 	7.1 	12.3 	0 	5.4 	4.9 	2.5 	10.9 	1.4 	7.6 	2.2 	2.8 	0 u	6.8 	4.0 	1.3 	3.3 	15.3 	3.0 	7.9 	1.3 	8.0 	11.1 	3.3 	9.3 d	4.4 	1.6 	2.5 	0 
Y1-2,DEG2,F,Y45-64,PC,2014	10.5 	4.7 	2.7 	16.7 	7.1 	16.2 	1.9 	4.3 	3.6 	3.5 	20.4 	6.5 	10.3 	1.7 	5.7 	3.7 	6.4 	4.7 	2.8 	2.7 	17.2 	2.0 	10.5 	0.8 	16.6 	11.5 	5.3 	8.7 d	6.6 	2.5 	3.2 	0 
Y1-2,DEG2,F,Y50-74,PC,2014	13.2 	7.4 	2.0 	21.9 	9.1 	17.1 	2.4 	5.3 	2.3 	4.6 	27.8 	10.4 	13.8 	0.9 	6.3 	5.6 	5.2 	5.3 	2.9 	3.4 	17.3 	1.5 	10.8 	0.9 	21.8 	12.1 	6.3 	11.1 d	12.6 	2.3 	3.3 	0 
Y1-2,DEG2,F,Y55-64,PC,2014	13.8 	6.1 	2.0 	22.9 	7.1 	20.7 	3.4 	2.9 	2.1 	4.9 	29.7 	11.9 	13.7 	1.1 	8.8 	7.0 	5.8 	5.4 	4.3 	2.0 	19.8 	1.0 	13.4 	0.3 	26.2 	11.8 	7.2 	8.1 d	9.2 	3.6 	4.1 	0 
Y1-2,DEG2,F,Y65-74,PC,2014	15.1 	11.0 	0 	23.5 	10.0 	15.8 	2.2 	9.4 u	1.4 	4.3 	32.8 	15.1 	16.9 	0 	4.8 	7.9 u	4.3 	6.5 	1.9 	4.4 	15.5 	1.5 	8.4 	1.1 	22.3 	12.1 	7.2 	14.4 d	21.1 	2.1 u	2.7 	0 
Y1-2,DEG2,F,Y_GE65,PC,2014	12.8 	7.0 u	0.2 	21.3 	8.4 	16.6 	2.9 	8.0 u	1.5 	3.1 	24.8 	11.2 	12.5 	0 	5.7 	7.7 	3.5 	5.1 	2.5 	4.8 	15.6 	2.1 	8.5 	0.9 	13.4 	12.7 	5.6 	10.8 d	14.0 	1.3 	2.5 	0 
Y1-2,DEG2,F,Y_GE75,PC,2014	10.2 	3.1 u	0.6 	18.1 	6.3 	17.4 	3.5 	5.8 u	1.7 	1.6 	16.3 	6.6 	7.9 	0 u	6.6 	7.5 	2.2 u	3.2 	3.3 	5.2 	15.8 	2.9 	8.5 	0.7 	2.7 	13.6 	3.2 	6.9 d	5.3 	0 u	2.3 	0 
Y1-2,DEG2,M,TOTAL,PC,2014	8.3 	3.7 	2.1 	11.2 	5.9 	12.8 	1.8 	4.0 	4.4 	1.6 	16.4 	3.5 	7.6 	0.8 	2.5 	0.4 	6.9 	4.7 	2.0 	2.3 	13.1 	2.4 	7.3 	0.6 	9.4 	6.6 	3.9 	5.9 d	6.2 	2.9 	1.5 	0 
Y1-2,DEG2,M,Y15-24,PC,2014	1.7 	0 u	0 	0 	2.0 u	1.8 	2.5 	0 u	1.6 	0.6 	3.0 	0 	0.5 	0 	2.6 	0 u	6.3 u	3.4 	0.6 	0.5 	3.0 	4.3 	2.9 	0 	2.3 	2.4 	0 	3.2 d	1.6 	2.7 u	0.4 	0 
Y1-2,DEG2,M,Y15-44,PC,2014	3.3 	0.7 	1.8 	1.8 	2.5 	5.5 	1.7 	2.4 	2.9 	0.4 	7.3 	0.5 	1.7 	0.4 	1.9 	0 	6.3 	3.9 	1.0 	1.7 	8.3 	2.2 	4.3 	0 	2.5 	4.7 	2.4 	4.3 d	0.8 	3.8 	0.6 	0 
Y1-2,DEG2,M,Y15-64,PC,2014	6.5 	3.5 	1.6 	10.1 	4.7 	10.5 	1.6 	3.2 	4.4 	1.2 	13.2 	2.1 	5.7 	0.5 	2.2 	0 	6.9 	4.4 	2.0 	2.1 	12.0 	2.3 	5.7 	0.5 	8.9 	6.2 	2.7 	4.7 d	3.7 	2.9 	1.5 	0 
Y1-2,DEG2,M,Y25-34,PC,2014	3.1 	0.4 	2.2 	0.9 	2.6 u	5.0 	0 	0 	3.7 	0.4 	6.2 	0.7 	2.1 	0 	1.9 	0 u	3.9 	4.2 	0.9 	1.1 	6.9 	1.4 	4.8 	0 	0.8 	5.4 	4.0 	7.4 d	0 	5.1 	1.2 	0 
Y1-2,DEG2,M,Y35-44,PC,2014	4.7 	1.3 	2.6 	3.5 	2.9 	9.6 	3.0 	6.6 	3.3 	0.4 	12.6 	0.8 	2.2 	1.2 	1.2 	: u	8.9 	4.1 	1.5 	3.3 	13.1 	1.5 	4.8 	0 	4.0 	5.7 	2.3 	2.7 d	0.9 	3.5 	0.4 	0 
Y1-2,DEG2,M,Y45-54,PC,2014	8.3 	2.3 	1.6 	16.7 	4.3 	13.6 	1.1 	3.1 	7.6 	2.0 	16.6 	2.4 	6.4 	0 	2.1 	0 u	9.0 	6.1 	2.7 	2.3 	16.5 	1.5 	7.5 	1.3 	9.9 	7.2 	2.3 	4.7 d	3.9 	2.5 	1.8 	0 
Y1-2,DEG2,M,Y45-64,PC,2014	10.8 	6.6 	1.2 	23.1 	7.4 	16.1 	1.4 	4.5 	6.5 	2.3 	21.7 	4.2 	10.3 	0.6 	2.8 	0 	7.8 	5.2 	3.5 	2.7 	16.5 	2.4 	8.3 	1.3 	18.2 	8.8 	3.1 	5.1 d	7.3 	1.4 	2.9 	0 
Y1-2,DEG2,M,Y50-74,PC,2014	13.4 	7.7 	2.6 	21.5 	9.5 	18.1 	2.3 	7.2 	4.8 	3.0 	27.9 	6.6 	14.0 	1.7 	2.6 	0 	8.3 	4.2 	3.5 	3.1 	18.7 	2.7 	11.5 	1.3 	22.9 	9.8 	5.1 	6.9 d	12.8 	2.4 	2.8 	0 
Y1-2,DEG2,M,Y55-64,PC,2014	13.7 	11.7 	0.7 	30.0 	11.3 	19.4 	1.9 	6.8 	5.2 	2.7 	27.1 	6.0 	15.3 	1.5 	3.5 	0 u	6.3 	4.2 	4.4 	3.1 	16.6 	3.2 	9.2 	1.3 	27.7 	10.4 	3.9 	5.6 d	11.2 	0 	3.9 	0 
Y1-2,DEG2,M,Y65-74,PC,2014	16.0 	5.3 u	4.5 	16.5 	10.7 	20.6 	3.2 	13.6 u	5.5 	4.9 	32.3 	11.0 	15.9 	3.8 	0 	0 u	8.0 	5.1 	2.6 	2.6 	19.3 	2.3 	16.0 	0.9 	17.0 	10.1 	8.5 	9.9 d	20.0 	5.4 	1.9 	0 
Y1-2,DEG2,M,Y_GE65,PC,2014	15.1 	4.6 u	4.6 	16.0 	10.4 	20.9 	2.9 	10.5 u	4.5 	4.1 	29.3 	10.4 	14.1 	3.5 	3.8 	2.4 u	6.5 	6.1 	2.0 	3.1 	17.7 	2.9 	14.5 	1.1 	12.0 	9.0 	8.3 	10.3 d	14.5 	3.3 	1.5 	0 
Y1-2,DEG2,M,Y_GE75,PC,2014	13.9 	3.6 u	4.8 u	15.0 	10.1 	21.4 	2.3 u	3.8 u	3.1 	2.7 	25.4 	9.5 	11.8 	2.8 u	9.5 	: u	4.1 u	7.6 	0.8 	3.9 	15.4 	3.9 	12.7 	1.5 	3.5 	6.5 	7.7 	10.7 d	7.3 	0 u	0.9 	0 
Y1-2,DEG2,T,TOTAL,PC,2014	8.1 	3.6 	1.8 	11.6 	5.7 	12.3 	2.1 	4.0 	4.3 	2.0 	15.6 	4.6 	7.5 	0.7 	3.6 	2.6 	6.3 	4.7 	2.0 	2.8 	13.3 	2.0 	6.9 	0.6 	9.4 	7.0 	3.8 	6.9 d	6.4 	2.1 	1.8 	0 
Y1-2,DEG2,T,Y15-24,PC,2014	1.8 	0 u	0 	1.0 	1.1 	2.0 	3.5 	1.0 	1.0 	0.7 	3.1 	0.7 	0.5 	0 	3.7 	0 u	4.8 	3.4 	1.0 	1.5 	4.7 	2.4 	1.9 	0 	1.2 	2.9 	0.5 	3.5 d	2.0 	1.4 u	0.4 	0 
Y1-2,DEG2,T,Y15-44,PC,2014	3.3 	0.4 	1.6 	2.8 	2.4 	4.9 	2.0 	2.7 	4.4 	0.9 	6.6 	1.2 	1.9 	0.3 	2.3 	1.1 	6.3 	4.1 	1.2 	2.2 	8.8 	1.7 	3.6 	0.2 	1.9 	3.8 	1.8 	4.9 d	1.4 	2.2 	0.8 	0 
Y1-2,DEG2,T,Y15-64,PC,2014	6.5 	2.9 	1.7 	9.6 	4.6 	10.3 	1.9 	3.3 	4.6 	1.7 	12.6 	3.1 	5.8 	0.6 	3.2 	1.6 	6.6 	4.5 	2.0 	2.4 	12.4 	1.9 	5.8 	0.5 	8.5 	6.2 	2.9 	5.7 d	3.9 	2.1 	1.7 	0 
Y1-2,DEG2,T,Y25-34,PC,2014	3.3 	0.2 	1.1 	1.2 	2.7 	5.0 	0.5 	2.5 	4.5 	1.2 	6.2 	1.8 	2.3 	0.4 	1.1 	0 u	4.9 	4.2 	1.6 	1.5 	9.3 	1.6 	4.5 	0.1 	1.4 	4.0 	2.4 	6.0 d	1.2 	3.2 	1.2 	0 
Y1-2,DEG2,T,Y35-44,PC,2014	4.3 	0.7 	2.6 	5.1 	3.4 	7.6 	2.3 	4.6 	6.5 	0.7 	10.4 	0.8 	2.4 	0.5 	2.4 	3.1 	9.1 	4.6 	1.0 	3.4 	11.4 	1.2 	3.9 	0.4 	3.0 	4.3 	2.1 	5.4 d	1.1 	1.7 	0.7 	0 
Y1-2,DEG2,T,Y45-54,PC,2014	8.0 	3.1 	2.6 	13.9 	5.6 	13.0 	0.5 	4.2 	6.2 	2.3 	13.6 	1.8 	7.0 	1.1 	2.4 	0 	7.9 	5.1 	2.0 	2.8 	15.9 	2.3 	7.7 	1.3 	8.9 	9.2 	2.8 	6.9 d	4.2 	2.1 	2.2 	0 
Y1-2,DEG2,T,Y45-64,PC,2014	10.6 	5.6 	2.0 	19.9 	7.3 	16.1 	1.7 	4.4 	5.0 	2.9 	21.0 	5.4 	10.3 	1.2 	4.4 	2.1 	7.1 	4.9 	3.1 	2.7 	16.8 	2.1 	9.5 	1.0 	17.4 	10.2 	4.2 	6.9 d	6.9 	1.9 	3.1 	0 
Y1-2,DEG2,T,Y50-74,PC,2014	13.3 	7.5 	2.3 	21.7 	9.3 	17.6 	2.3 	6.2 	3.5 	3.8 	27.9 	8.6 	13.9 	1.3 	4.7 	3.3 	6.7 	4.8 	3.2 	3.3 	18.0 	2.1 	11.1 	1.1 	22.3 	11.1 	5.7 	8.9 d	12.7 	2.4 	3.1 	0 
Y1-2,DEG2,T,Y55-64,PC,2014	13.8 	8.8 	1.5 	26.4 	9.2 	20.1 	2.9 	4.7 	3.7 	3.8 	28.5 	9.0 	14.5 	1.3 	6.4 	4.5 	6.1 	4.8 	4.3 	2.6 	18.2 	2.0 	11.6 	0.8 	26.9 	11.1 	5.5 	6.8 d	10.1 	1.8 	4.0 	0 
Y1-2,DEG2,T,Y65-74,PC,2014	15.5 	8.3 	1.9 	20.3 	10.3 	18.0 	2.6 	11.4 u	3.4 	4.6 	32.5 	13.4 	16.4 	1.7 	3.1 	4.7 	5.8 	5.9 	2.3 	3.5 	17.3 	1.8 	11.8 	1.0 	20.0 	11.2 	7.8 	12.2 d	20.6 	3.8 	2.2 	0 
Y1-2,DEG2,T,Y_GE65,PC,2014	13.8 	6.0 u	1.9 	19.0 	9.4 	18.6 	2.9 	9.1 u	2.9 	3.5 	26.8 	10.9 	13.3 	1.6 	5.0 	6.0 	4.7 	5.5 	2.3 	4.0 	16.6 	2.4 	10.9 	1.0 	12.8 	11.3 	6.8 	10.6 d	14.2 	2.3 	2.0 	0 
Y1-2,DEG2,T,Y_GE75,PC,2014	11.7 	3.3 u	1.9 	16.9 	7.9 	19.1 	3.2 	5.0 u	2.3 	2.1 	20.1 	7.7 	9.6 	1.2 	7.5 	7.2 	3.0 	4.8 	2.3 	4.6 	15.6 	3.3 	10.1 	1.0 	3.0 	11.4 	4.9 	8.5 d	6.2 	0 	1.7 	0 
Y1-2,DEG3,F,TOTAL,PC,2014	7.5 	3.7 u	1.1 	10.1 	6.6 	13.2 	1.1 	3.2 	3.3 	2.2 	14.7 	4.1 	6.9 	1.1 	4.7 	4.0 	7.3 	4.2 	2.5 	2.1 	12.7 	1.7 	7.3 	0.9 	11.0 	7.0 	3.0 	9.1 d	5.6 	1.1 	1.3 	0 
Y1-2,DEG3,F,Y15-24,PC,2014	2.1 	0.9 u	0 	1.2 	2.9 	4.0 	0 	0 	4.7 u	0.3 	3.4 	0 	0 	0 	2.6 	0.6 	5.7 	2.1 	0 u	0 	8.7 	1.0 	4.1 	0.2 	2.0 	5.8 	1.5 	3.3 d	0 	0 u	0 	0 
Y1-2,DEG3,F,Y15-44,PC,2014	3.1 	1.2 	0.7 	1.5 	1.9 	5.7 	0.4 	1.4 	3.3 	1.6 	5.7 	1.3 	1.6 	0.7 	3.1 	0.4 	6.7 	3.1 	2.5 	1.4 	9.1 	1.6 	3.4 	0.5 	2.3 	3.3 	0.4 	5.0 d	0.4 	0 	0.4 	0 
Y1-2,DEG3,F,Y15-64,PC,2014	6.4 	3.4 	0.8 	8.1 	5.2 	11.2 	0.9 	2.1 	2.7 	2.1 	12.6 	3.3 	5.8 	0.7 	4.9 	3.4 	6.6 	4.0 	2.1 	2.1 	11.9 	1.7 	6.4 	0.7 	10.2 	6.6 	2.3 	6.3 d	3.5 	1.3 	0.8 	0 
Y1-2,DEG3,F,Y25-34,PC,2014	3.0 	0 	1.8 	3.0 	0 	4.5 	0 	0.9 	1.7 	2.4 	5.2 	2.2 	2.4 	0 	2.8 	0 	7.8 	4.7 	3.3 u	0 	7.0 	2.9 	1.6 	0.5 	1.0 	0.6 	0 	6.5 d	0 	0 	0.5 	0 
Y1-2,DEG3,F,Y35-44,PC,2014	3.8 	2.1 	0.5 	0.5 	2.3 	8.0 	1.0 	2.6 	3.6 	1.8 	7.9 	1.7 	2.2 	1.8 	3.7 	0.5 	6.5 	2.7 	5.0 u	3.8 	11.1 	0.7 	4.4 	0.8 	3.6 	4.1 	0 	4.7 d	0.9 	0 u	0.7 	0 
Y1-2,DEG3,F,Y45-54,PC,2014	7.5 	3.3 u	1.6 	13.7 	8.5 	12.4 	1.3 	1.8 	1.6 	2.3 	13.1 	2.3 	7.2 	1.6 	3.9 	5.3 	5.2 	5.5 	0 u	2.4 	13.2 	1.8 	7.5 	0.7 	12.6 	8.8 	2.7 	7.1 d	4.4 	2.9 	0.3 	0 
Y1-2,DEG3,F,Y45-64,PC,2014	10.6 	6.1 	0.9 	17.2 	8.9 	16.8 	1.6 	3.2 	2.0 	2.7 	22.0 	5.9 	10.7 	0.8 	7.2 	7.0 	6.3 	5.2 	1.5 	2.9 	15.2 	1.9 	10.1 	1.0 	20.6 	10.8 	4.3 	8.9 d	7.1 	3.1 	1.2 	0 
Y1-2,DEG3,F,Y50-74,PC,2014	13.3 	8.0 u	0.7 	21.0 	11.4 	20.2 	1.8 	5.9 	4.2 	3.4 	28.5 	8.0 	14.6 	1.4 	7.1 	8.5 	8.6 	5.2 	3.8 	3.2 	17.3 	1.8 	12.1 	1.4 	24.9 	11.6 	5.3 	12.4 d	11.6 	2.2 	2.5 	0 
Y1-2,DEG3,F,Y55-64,PC,2014	14.0 	9.7 	0.3 	20.7 	9.4 	22.0 	1.9 	5.1 	2.5 	3.3 	31.9 	9.3 	15.3 	0 	10.6 	9.0 	7.9 	5.0 	3.0 u	3.5 	17.6 	2.0 	12.6 	1.3 	28.5 	13.0 	5.9 	10.9 d	10.3 	3.3 	2.2 	0 
Y1-2,DEG3,F,Y65-74,PC,2014	14.1 	7.0 u	1.0 	20.4 	11.2 	22.0 	2.8 	10.1 u	7.9 	3.8 	29.9 	9.9 	15.5 	2.1 	4.8 	8.3 	10.1 	5.2 	6.9 u	3.0 	19.1 	1.6 	11.1 	2.0 	21.8 	7.4 	6.8 	19.0 d	15.5 	0 u	3.7 	0 
Y1-2,DEG3,F,Y_GE65,PC,2014	11.0 	4.9 u	1.8 	17.2 	10.8 	19.2 	1.8 	8.4 u	4.5 	2.5 	21.8 	6.5 	9.9 	2.9 	4.2 	5.8 	10.5 	4.9 	3.9 u	2.3 	15.9 	1.5 	9.3 	1.5 	13.4 	8.5 	5.0 	19.1 d	11.4 	0 	3.0 	0 
Y1-2,DEG3,F,Y_GE75,PC,2014	7.7 	2.4 u	2.9 	12.0 	10.2 	16.2 	0.7 	6.1 u	2.1 	1.2 	14.3 	3.6 	4.4 	4.2 u	3.6 	3.4 	11.1 u	4.6 	: u	1.5 	12.2 	1.4 	7.7 	1.1 	5.2 	9.8 	2.6 	19.2 d	6.6 	0 u	2.2 	0 
Y1-2,DEG3,M,TOTAL,PC,2014	7.4 	3.5 u	1.1 	9.1 	6.4 	11.5 	0.7 	3.9 	4.0 	1.5 	15.3 	4.1 	7.9 	1.1 	3.5 	2.5 	9.5 	3.9 	2.9 	2.0 	12.9 	1.4 	7.4 	1.0 	9.5 	7.9 	3.4 	7.1 d	6.9 	2.5 	2.1 	0 
Y1-2,DEG3,M,Y15-24,PC,2014	1.3 	0 	0.9 	0 	0.9 	1.4 	0.6 	0 	0 u	0.3 	3.2 	0.5 	0.3 	0 	1.6 	0 	9.0 	2.0 	: u	1.5 	3.5 	0.6 	2.4 	0.1 	1.6 	1.1 	2.0 	2.0 d	0 u	0 u	0 	0 
Y1-2,DEG3,M,Y15-44,PC,2014	2.7 	1.0 	1.4 	3.5 	2.1 	4.4 	0.5 	2.6 	2.8 	0.4 	5.7 	1.9 	1.8 	0.6 	1.5 	0 	9.4 	2.8 	1.3 	1.2 	6.8 	1.1 	2.5 	0.7 	2.0 	3.8 	1.2 	4.1 d	0.3 	0 	1.0 	0 
Y1-2,DEG3,M,Y15-64,PC,2014	6.0 	2.6 u	1.0 	7.4 	5.0 	10.0 	0.8 	3.3 	3.2 	1.4 	11.9 	2.9 	6.2 	1.0 	2.5 	1.6 	9.6 	4.1 	2.3 	1.4 	11.1 	1.3 	5.7 	0.9 	8.1 	6.8 	2.7 	5.2 d	4.5 	1.8 	1.5 	0 
Y1-2,DEG3,M,Y25-34,PC,2014	2.5 	1.7 u	0 	5.0 	0 	2.9 	0.9 	2.5 	5.1 	0 	5.4 	3.0 	1.6 	0 	1.2 	0 	12.7 	3.3 	3.8 u	0 	5.5 	1.4 	1.7 	0.6 	0.8 	6.2 	0 u	5.1 d	0 	0 u	0.7 	0 
Y1-2,DEG3,M,Y35-44,PC,2014	4.0 	1.3 	3.2 	4.9 	4.6 	8.3 	0 	4.3 	2.7 	0.8 	7.9 	2.1 	2.8 	1.9 	1.6 	0 	7.2 	3.1 	0 u	1.8 	11.0 	1.2 	3.3 	1.2 	3.3 	3.9 	1.3 	4.3 d	0.7 	0 u	2.2 	0 
Y1-2,DEG3,M,Y45-54,PC,2014	7.8 	4.5 u	1.3 	10.8 	8.2 	13.8 	1.7 	4.0 	5.6 	2.2 	12.4 	2.4 	8.5 	3.3 	5.0 	2.8 	9.8 	5.2 	3.8 u	1.1 	15.2 	1.3 	7.6 	0.8 	11.5 	7.2 	0.7 	6.8 d	6.0 	6.1 	2.1 	0 
Y1-2,DEG3,M,Y45-64,PC,2014	10.0 	4.4 u	0.6 	12.8 	8.3 	15.6 	1.2 	4.3 	3.6 	2.7 	20.0 	4.1 	11.6 	1.7 	4.1 	3.6 	9.8 	6.2 	3.6 	1.7 	16.1 	1.5 	9.5 	1.2 	16.0 	11.4 	4.0 	7.2 d	9.1 	3.9 	2.2 	0 
Y1-2,DEG3,M,Y50-74,PC,2014	12.9 	4.5 u	1.1 	16.3 	9.7 	17.8 	0.8 	5.9 	3.9 	2.9 	27.9 	5.9 	15.3 	1.1 	4.5 	5.3 	9.4 	5.1 	5.9 	2.8 	17.2 	1.8 	11.2 	1.4 	20.1 	13.1 	5.9 	12.1 d	14.1 	3.1 	3.4 	0 
Y1-2,DEG3,M,Y55-64,PC,2014	12.6 	4.2 u	0 	14.5 	8.4 	18.1 	0.6 	4.7 	1.4 	3.4 	28.4 	5.6 	15.4 	0 	3.0 	4.7 	9.8 	7.2 	3.3 u	2.4 	17.1 	1.8 	11.3 	1.7 	20.6 	16.2 	6.8 	7.7 d	12.8 	1.8 	2.4 	0 
Y1-2,DEG3,M,Y65-74,PC,2014	15.1 	8.0 u	1.7 	18.1 	10.3 	18.3 	0.9 	9.1 	5.2 	2.5 	35.1 	10.1 	16.9 	1.9 	9.1 	7.6 	11.5 	0.9 	8.7 u	5.3 	21.1 	2.3 	13.1 	1.3 	23.7 	16.0 	7.9 	18.6 d	17.1 	0 u	4.8 	0 
Y1-2,DEG3,M,Y_GE65,PC,2014	13.2 	8.0 u	1.3 	18.0 	10.6 	16.9 	0.5 	7.2 u	5.7 	1.8 	28.5 	9.6 	13.2 	1.3 	8.8 	7.2 	8.9 	2.6 	5.